Estrella,Planeta,Periodo(Dias),Semi_Eje(UA),Masa(Jup),Mp_sin_i(Jup),Masa(Tierra),Mp_sin_i(Tierra),Radio(Tierra),Metodo,Referencia
Barnard's star,Barnard d,2.3402,0.0188,0.000827490539572821,0.000827490539572821,0.263,0.263,0.694,Radial Velocity,<a refstr=BASANT_ET_AL__2025 href=https://ui.adsabs.harvard.edu/abs/2025ApJ...982L...1B/abstract target=ref>Basant et al. 2025</a>
Barnard's star,Barnard e,6.7392,0.0381,0.000607245909268268,0.000607245909268268,0.193,0.193,0.637,Radial Velocity,<a refstr=BASANT_ET_AL__2025 href=https://ui.adsabs.harvard.edu/abs/2025ApJ...982L...1B/abstract target=ref>Basant et al. 2025</a>
Barnard's star,Barnard b,3.1542,0.0229,0.00094075920658659,0.00094075920658659,0.299,0.299,0.72,Radial Velocity,<a refstr=BASANT_ET_AL__2025 href=https://ui.adsabs.harvard.edu/abs/2025ApJ...982L...1B/abstract target=ref>Basant et al. 2025</a>
Barnard's star,Barnard c,4.1244,0.0274,0.00105402787360036,0.00105402787360036,0.335,0.335,0.743,Radial Velocity,<a refstr=BASANT_ET_AL__2025 href=https://ui.adsabs.harvard.edu/abs/2025ApJ...982L...1B/abstract target=ref>Basant et al. 2025</a>
GJ 887,GJ 887 b,9.2619,0.0683,0.0122707722598251,0.0122707722598251,3.9,3.9,1.8,Radial Velocity,<a refstr=HARTOGH_ET_AL_2026 href=https://ui.adsabs.harvard.edu/abs/2026A&A...707A..93H/abstract target=ref>Hartogh et al. 2026</a>
GJ 887,GJ 887 d,50.77,0.212,0.019192746355111,0.019192746355111,6.1,6.1,2.34,Radial Velocity,<a refstr=HARTOGH_ET_AL_2026 href=https://ui.adsabs.harvard.edu/abs/2026A&A...707A..93H/abstract target=ref>Hartogh et al. 2026</a>
GJ 887,GJ 887 c,21.784,0.121,0.0204512870997085,0.0204512870997085,6.5,6.5,2.43,Radial Velocity,<a refstr=HARTOGH_ET_AL_2026 href=https://ui.adsabs.harvard.edu/abs/2026A&A...707A..93H/abstract target=ref>Hartogh et al. 2026</a>
GJ 887,GJ 887 e,4.4249,0.0417,0.00459367371778068,0.00459367371778068,1.46,1.46,1.12,Radial Velocity,<a refstr=HARTOGH_ET_AL_2026 href=https://ui.adsabs.harvard.edu/abs/2026A&A...707A..93H/abstract target=ref>Hartogh et al. 2026</a>
GJ 1061,GJ 1061 b,3.2073,0.021,0.00349245056625791,0.00431048044552119,1.11,1.37,1.04,Radial Velocity,<a refstr=DREIZLER_ET_AL_2025 href=https://ui.adsabs.harvard.edu/abs/2025A&A...698A.114D/abstract target=ref>Dreizler et al. 2025</a>
GJ 1061,GJ 1061 c,6.6821,0.0342,0.00569489686930344,0.00547462479942107,1.81,1.74,1.19,Radial Velocity,<a refstr=DREIZLER_ET_AL_2025 href=https://ui.adsabs.harvard.edu/abs/2025A&A...698A.114D/abstract target=ref>Dreizler et al. 2025</a>
GJ 1061,GJ 1061 d,13.066,0.054,0.00525440760869433,0.00515999119025894,1.67,1.64,1.16,Radial Velocity,<a refstr=DREIZLER_ET_AL_2025 href=https://ui.adsabs.harvard.edu/abs/2025A&A...698A.114D/abstract target=ref>Dreizler et al. 2025</a>
YZ Cet,YZ Cet b,2.02087,0.01634,0.00220244630304553,0.00220244630304553,0.7,0.7,0.913,Radial Velocity,<a refstr=STOCK_ET_AL__2020 href=https://ui.adsabs.harvard.edu/abs/2020A&A...636A.119S/abstract target=ref>Stock et al. 2020</a>
YZ Cet,YZ Cet c,3.05989,0.02156,0.00358684112210272,0.00358684112210272,1.14,1.14,1.05,Radial Velocity,<a refstr=STOCK_ET_AL__2020 href=https://ui.adsabs.harvard.edu/abs/2020A&A...636A.119S/abstract target=ref>Stock et al. 2020</a>
YZ Cet,YZ Cet d,4.65626,0.02851,0.00342952352902804,0.00342952352902804,1.09,1.09,1.03,Radial Velocity,<a refstr=STOCK_ET_AL__2020 href=https://ui.adsabs.harvard.edu/abs/2020A&A...636A.119S/abstract target=ref>Stock et al. 2020</a>
Teegarden's Star,Teegarden's Star d,26.13,0.0791,0.00258000852642476,0.00258000852642476,0.82,0.82,0.954,Radial Velocity,<a refstr=DREIZLER_ET_AL_2024 href=https://ui.adsabs.harvard.edu/abs/2024A&A...684A.117D/abstract target=ref>Dreizler et al. 2024</a>
Teegarden's Star,Teegarden's Star c,11.416,0.0455,0.00330366945456829,0.00330366945456829,1.05,1.05,1.02,Radial Velocity,<a refstr=DREIZLER_ET_AL_2024 href=https://ui.adsabs.harvard.edu/abs/2024A&A...684A.117D/abstract target=ref>Dreizler et al. 2024</a>
Teegarden's Star,Teegarden's Star b,4.90634,0.0259,0.00364976815933259,0.00364976815933259,1.16,1.16,1.05,Radial Velocity,<a refstr=DREIZLER_ET_AL_2024 href=https://ui.adsabs.harvard.edu/abs/2024A&A...684A.117D/abstract target=ref>Dreizler et al. 2024</a>
Wolf 1061,Wolf 1061 c,17.8719,0.089,0.0107290060724287,0.0107290060724287,3.41,3.41,1.66,Radial Velocity,<a refstr=ASTUDILLO_DEFRU_ET_AL__2017 href=https://ui.adsabs.harvard.edu/abs/2017A&A...602A..88A/abstract target=ref>Astudillo-Defru et al. 2017</a>
Wolf 1061,Wolf 1061 b,4.8869,0.0375,0.0060095019349967,0.0060095019349967,1.91,1.91,1.21,Radial Velocity,<a refstr=ASTUDILLO_DEFRU_ET_AL__2017 href=https://ui.adsabs.harvard.edu/abs/2017A&A...602A..88A/abstract target=ref>Astudillo-Defru et al. 2017</a>
Wolf 1061,Wolf 1061 d,217.21,0.47,0.0242267879054841,0.0242267879054841,7.7,7.7,2.69,Radial Velocity,<a refstr=ASTUDILLO_DEFRU_ET_AL__2017 href=https://ui.adsabs.harvard.edu/abs/2017A&A...602A..88A/abstract target=ref>Astudillo-Defru et al. 2017</a>
GJ 876,GJ 876 e,124.26,0.3343,0.046,0.0485479658937168,14.6,15.43,3.92,Radial Velocity,<a refstr=RIVERA_ET_AL__2010 href=https://ui.adsabs.harvard.edu/abs/2010ApJ...719..890R/abstract target=ref> Rivera et al. 2010 </a>
GJ 876,GJ 876 d,1.93778,0.02080665,0.021,0.0217411823931032,6.83,6.91,2.51,Radial Velocity,<a refstr=RIVERA_ET_AL__2010 href=https://ui.adsabs.harvard.edu/abs/2010ApJ...719..890R/abstract target=ref> Rivera et al. 2010 </a>
GJ 876,GJ 876 c,30.0881,0.12959,0.7142,0.759840166126546,226.9846,241.5,14.0,Radial Velocity,<a refstr=RIVERA_ET_AL__2010 href=https://ui.adsabs.harvard.edu/abs/2010ApJ...719..890R/abstract target=ref> Rivera et al. 2010 </a>
GJ 876,GJ 876 b,61.1166,0.208317,2.2756,2.39404713211465,723.2235,760.9,13.3,Radial Velocity,<a refstr=RIVERA_ET_AL__2010 href=https://ui.adsabs.harvard.edu/abs/2010ApJ...719..890R/abstract target=ref> Rivera et al. 2010 </a>
GJ 581,GJ 581 b,5.3686,0.0399,0.0645002131606191,0.0478243085926439,20.5,15.2,4.79,Radial Velocity,<a refstr=VON_STAUFFENBERG_ET_AL__2024 href=https://ui.adsabs.harvard.edu/abs/2024A&A...688A.112V/abstract target=ref>von Stauffenberg et al. 2024</a>
GJ 581,GJ 581 e,3.1481,0.02799,0.00780295261650416,0.0053,2.48,1.7,1.38,Radial Velocity,<a refstr=VON_STAUFFENBERG_ET_AL__2024 href=https://ui.adsabs.harvard.edu/abs/2024A&A...688A.112V/abstract target=ref>von Stauffenberg et al. 2024</a>
GJ 581,GJ 581 c,12.9211,0.0718,0.0214266561767715,0.0173,6.81,5.5,2.5,Radial Velocity,<a refstr=VON_STAUFFENBERG_ET_AL__2024 href=https://ui.adsabs.harvard.edu/abs/2024A&A...688A.112V/abstract target=ref>von Stauffenberg et al. 2024</a>
GJ 667 C,GJ 667 C f,39.026,0.156,0.008,0.008,2.7,2.7,1.45,Radial Velocity,<a refstr=ANGLADA_ESCUDE_ET_AL__2013 href=https://ui.adsabs.harvard.edu/abs/2013A%26A...556A.126A/abstract target=ref> Anglada-Escude et al. 2013 </a>
GJ 667 C,GJ 667 C b,7.203,0.050431,0.01789,0.01789,5.68,5.68,2.25,Radial Velocity,<a refstr=BONFILS_ET_AL__2013 href=https://ui.adsabs.harvard.edu/abs/2013A%26A...549A.109B/abstract target=ref> Bonfils et al. 2013 </a>
GJ 667 C,GJ 667 C g,256.2,0.549,0.014,0.014,4.6,4.6,1.99,Radial Velocity,<a refstr=ANGLADA_ESCUDE_ET_AL__2013 href=https://ui.adsabs.harvard.edu/abs/2013A%26A...556A.126A/abstract target=ref> Anglada-Escude et al. 2013 </a>
GJ 667 C,GJ 667 C e,62.24,0.213,0.008,0.008,2.7,2.7,1.45,Radial Velocity,<a refstr=ANGLADA_ESCUDE_ET_AL__2013 href=https://ui.adsabs.harvard.edu/abs/2013A%26A...556A.126A/abstract target=ref> Anglada-Escude et al. 2013 </a>
GJ 667 C,GJ 667 C c,28.14,0.125,0.012,0.012,3.8,3.8,1.77,Radial Velocity,<a refstr=ANGLADA_ESCUDE_ET_AL__2013 href=https://ui.adsabs.harvard.edu/abs/2013A%26A...556A.126A/abstract target=ref> Anglada-Escude et al. 2013 </a>
GJ 433,GJ 433 d,36.059,0.178,0.0164333134065381,0.0164333134065381,5.223,5.223,2.14,Radial Velocity,<a refstr=FENG_ET_AL__2020 href=https://ui.adsabs.harvard.edu/abs/2020ApJS..246...11F/abstract target=ref>Feng et al. 2020</a>
GJ 433,GJ 433 b,7.3705,0.062,0.0190133090016676,0.0190133090016676,6.043,6.043,2.33,Radial Velocity,<a refstr=FENG_ET_AL__2020 href=https://ui.adsabs.harvard.edu/abs/2020ApJS..246...11F/abstract target=ref>Feng et al. 2020</a>
GJ 433,GJ 433 c,5094.105,4.819,0.102010508762546,0.102010508762546,32.422,32.422,6.27,Radial Velocity,<a refstr=FENG_ET_AL__2020 href=https://ui.adsabs.harvard.edu/abs/2020ApJS..246...11F/abstract target=ref>Feng et al. 2020</a>
GJ 367,GJ 367 c,11.5301,,0.0129944331879686,0.0129944331879686,4.13,4.13,1.86,Radial Velocity,<a refstr=GOFFO_ET_AL_2023 href=https://ui.adsabs.harvard.edu/abs/2023ApJ...955L...3G/abstract target=ref>Goffo et al. 2023</a>
GJ 367,GJ 367 d,34.369,,0.0189725017248065,0.0189725017248065,6.03,6.03,2.33,Radial Velocity,<a refstr=GOFFO_ET_AL_2023 href=https://ui.adsabs.harvard.edu/abs/2023ApJ...955L...3G/abstract target=ref>Goffo et al. 2023</a>
GJ 367,GJ 367 b,0.3219226,0.0071,0.00158261498633129,,0.503,,0.736,Transit,<a refstr=LEE_ET_AL_2026 href=https://ui.adsabs.harvard.edu/abs/2026arXiv260618355L/abstract target=ref>Lee et al. 2026</a>
GJ 357,GJ 357 d,55.661,0.204,0.01919265015889,0.01919265015889,6.1,6.1,2.34,Radial Velocity,<a refstr=LUQUE_ET_AL__2019 href=https://ui.adsabs.harvard.edu/abs/2019A&A...628A..39L/abstract target=ref>Luque et al. 2019</a>
GJ 357,GJ 357 b,3.9306,0.036,0.00575782390653331,,1.83,,1.2,Transit,<a refstr=ODDO_ET_AL__2023 href=https://ui.adsabs.harvard.edu/abs/2023AJ....165..134O/abstract target=ref>Oddo et al. 2023</a>
GJ 357,GJ 357 c,9.1247,0.061,0.0106975427115124,0.0106975427115124,3.4,3.4,1.66,Radial Velocity,<a refstr=LUQUE_ET_AL__2019 href=https://ui.adsabs.harvard.edu/abs/2019A&A...628A..39L/abstract target=ref>Luque et al. 2019</a>
AU Mic,AU Mic e,33.11,,0.0663880242775153,0.110751585524575,21.1,35.2,4.87,Radial Velocity,<a refstr=DONATI_ET_AL__2025 href=https://ui.adsabs.harvard.edu/abs/2025A&A...700A.227D/abstract target=ref>Donati et al. 2025</a>
AU Mic,AU Mic d,12.73596,,0.00331,,1.053,,1.02,Transit Timing Variations,<a refstr=WITTROCK_ET_AL__2023 href=https://ui.adsabs.harvard.edu/abs/2023AJ....166..232W/abstract target=ref>Wittrock et al. 2023</a>
AU Mic,AU Mic c,18.859023,0.119,0.0454962479171977,,14.46,,2.79,Transit,<a refstr=MALLORQUIN_ET_AL_2024 href=https://ui.adsabs.harvard.edu/abs/2024A&A...689A.132M/abstract target=ref>Mallorqu&iacute;n et al. 2024</a>
AU Mic,AU Mic b,8.463446,0.07,0.0282857032348276,0.18,8.99,57.2094,4.79,Transit,<a refstr=MALLORQUIN_ET_AL_2024 href=https://ui.adsabs.harvard.edu/abs/2024A&A...689A.132M/abstract target=ref>Mallorqu&iacute;n et al. 2024</a>
L 98-59,L 98-59 b,2.253114,0.0223,0.00144732185628706,,0.46,,0.837,Transit,<a refstr=CADIEUX_ET_AL_2025 href=https://ui.adsabs.harvard.edu/abs/2025AJ....170..154C/abstract target=ref>Cadieux et al. 2025</a>
L 98-59,L 98-59 c,3.6906764,0.0309,0.00629270372298723,,2.0,,1.329,Transit,<a refstr=CADIEUX_ET_AL_2025 href=https://ui.adsabs.harvard.edu/abs/2025AJ....170..154C/abstract target=ref>Cadieux et al. 2025</a>
L 98-59,L 98-59 f,23.064,0.1052,0.00880978521218212,0.00880978521218212,2.8,2.8,1.48,Radial Velocity,<a refstr=CADIEUX_ET_AL_2025 href=https://ui.adsabs.harvard.edu/abs/2025AJ....170..154C/abstract target=ref>Cadieux et al. 2025</a>
L 98-59,L 98-59 e,12.8278,0.0712,0.00887271224941199,0.00887271224941199,2.82,2.82,1.49,Radial Velocity,<a refstr=CADIEUX_ET_AL_2025 href=https://ui.adsabs.harvard.edu/abs/2025AJ....170..154C/abstract target=ref>Cadieux et al. 2025</a>
L 98-59,L 98-59 d,7.450729,0.0494,0.00516001705284953,,1.64,,1.627,Transit,<a refstr=CADIEUX_ET_AL_2025 href=https://ui.adsabs.harvard.edu/abs/2025AJ....170..154C/abstract target=ref>Cadieux et al. 2025</a>
GJ 180,GJ 180 d,106.3,0.309,0.0237863008526571,0.0237863008526571,7.56,7.56,2.66,Radial Velocity,<a refstr=FENG_ET_AL__2020 href=https://ui.adsabs.harvard.edu/abs/2020ApJS..246...11F/abstract target=ref>Feng et al. 2020</a>
GJ 180,GJ 180 c,24.329,0.129,0.0201365509863764,0.0201365509863764,6.4,6.4,2.41,Radial Velocity,<a refstr=TUOMI_ET_AL__2014 href=https://ui.adsabs.harvard.edu/abs/2014MNRAS.441.1545T/abstract target=ref>Tuomi et al. 2014</a>
GJ 180,GJ 180 b,17.133,0.092,0.0204197212346223,0.0204197212346223,6.49,6.49,2.43,Radial Velocity,<a refstr=FENG_ET_AL__2020 href=https://ui.adsabs.harvard.edu/abs/2020ApJS..246...11F/abstract target=ref>Feng et al. 2020</a>
TRAPPIST-1,TRAPPIST-1 b,1.510826,0.01154,0.00432308745769223,,1.374,,1.116,Transit,<a refstr=AGOL_ET_AL__2021 href=https://ui.adsabs.harvard.edu/abs/2021PSJ.....2....1A/abstract target=ref>Agol et al. 2021</a>
TRAPPIST-1,TRAPPIST-1 c,2.421937,0.0158,0.00411542823483365,,1.308,,1.097,Transit,<a refstr=AGOL_ET_AL__2021 href=https://ui.adsabs.harvard.edu/abs/2021PSJ.....2....1A/abstract target=ref>Agol et al. 2021</a>
TRAPPIST-1,TRAPPIST-1 d,4.049219,0.02227,0.00122078452225952,,0.388,,0.788,Transit,<a refstr=AGOL_ET_AL__2021 href=https://ui.adsabs.harvard.edu/abs/2021PSJ.....2....1A/abstract target=ref>Agol et al. 2021</a>
TRAPPIST-1,TRAPPIST-1 e,6.101013,0.02925,0.00217727548815358,,0.692,,0.92,Transit,<a refstr=AGOL_ET_AL__2021 href=https://ui.adsabs.harvard.edu/abs/2021PSJ.....2....1A/abstract target=ref>Agol et al. 2021</a>
TRAPPIST-1,TRAPPIST-1 f,9.20754,0.03849,0.00326905958409186,,1.039,,1.045,Transit,<a refstr=AGOL_ET_AL__2021 href=https://ui.adsabs.harvard.edu/abs/2021PSJ.....2....1A/abstract target=ref>Agol et al. 2021</a>
TRAPPIST-1,TRAPPIST-1 h,18.772866,0.06189,0.00102571070684692,,0.326,,0.755,Transit,<a refstr=AGOL_ET_AL__2021 href=https://ui.adsabs.harvard.edu/abs/2021PSJ.....2....1A/abstract target=ref>Agol et al. 2021</a>
TRAPPIST-1,TRAPPIST-1 g,12.352446,0.04683,0.00415633080903306,,1.321,,1.129,Transit,<a refstr=AGOL_ET_AL__2021 href=https://ui.adsabs.harvard.edu/abs/2021PSJ.....2....1A/abstract target=ref>Agol et al. 2021</a>
55 Cnc B,55 Cnc B b,6.7994,0.044,0.0110122315152276,0.0110122315152276,3.5,3.5,1.69,Radial Velocity,<a refstr=MOUTOU_ET_AL_2026 href=https://ui.adsabs.harvard.edu/abs/2026A&A...705A.190M/abstract target=ref>Moutou et al. 2026</a>
55 Cnc B,55 Cnc B c,33.747,0.13,0.0166756648659162,0.0166756648659162,5.3,5.3,2.16,Radial Velocity,<a refstr=MOUTOU_ET_AL_2026 href=https://ui.adsabs.harvard.edu/abs/2026A&A...705A.190M/abstract target=ref>Moutou et al. 2026</a>
GJ 163,GJ 163 c,25.63058,0.1254,0.0213950854230249,0.0213950854230249,6.8,6.8,2.5,Radial Velocity,<a refstr=BONFILS_ET_AL__2013 href=https://ui.adsabs.harvard.edu/abs/2013A%26A...556A.110B/abstract target=ref> Bonfils et al. 2013 </a>
GJ 163,GJ 163 b,8.63182,0.0607,0.0333511625711859,0.0333511625711859,10.6,10.6,3.25,Radial Velocity,<a refstr=BONFILS_ET_AL__2013 href=https://ui.adsabs.harvard.edu/abs/2013A%26A...556A.110B/abstract target=ref> Bonfils et al. 2013 </a>
GJ 163,GJ 163 d,603.95116,1.0304,0.0925022810936664,0.0925022810936664,29.4,29.4,5.92,Radial Velocity,<a refstr=BONFILS_ET_AL__2013 href=https://ui.adsabs.harvard.edu/abs/2013A%26A...556A.110B/abstract target=ref> Bonfils et al. 2013 </a>
GJ 676 A,GJ 676 A e,35.47358,0.181,0.021,0.021,6.674396547,6.674396547,2.47,Radial Velocity,<a refstr=FENG_ET_AL__2022 href=https://ui.adsabs.harvard.edu/abs/2022ApJS..262...21F/abstract target=ref>Feng et al. 2022</a>
GJ 676 A,GJ 676 A b,1051.44521,1.735,5.792,4.733,1840.862133344,1557.301,12.8,Radial Velocity,<a refstr=FENG_ET_AL__2022 href=https://ui.adsabs.harvard.edu/abs/2022ApJS..262...21F/abstract target=ref>Feng et al. 2022</a>
GJ 676 A,GJ 676 A c,13921.42302,9.726,13.492,6.8,4288.140867244,2161.244,12.3,Radial Velocity,<a refstr=FENG_ET_AL__2022 href=https://ui.adsabs.harvard.edu/abs/2022ApJS..262...21F/abstract target=ref>Feng et al. 2022</a>
GJ 676 A,GJ 676 A d,3.60076,0.039,0.012,0.012,3.813940884,3.813940884,1.78,Radial Velocity,<a refstr=FENG_ET_AL__2022 href=https://ui.adsabs.harvard.edu/abs/2022ApJS..262...21F/abstract target=ref>Feng et al. 2022</a>
GJ 3998,GJ 3998 d,41.78,0.189,0.0190983557992662,0.0190983557992662,6.07,6.07,2.34,Radial Velocity,<a refstr=STEFANOV_ET_AL__2025 href=https://ui.adsabs.harvard.edu/abs/2025A&A...695A..62S/abstract target=ref>Stefanov et al. 2025</a>
GJ 3998,GJ 3998 c,13.727,0.09,0.0214581196953864,0.0214581196953864,6.82,6.82,2.5,Radial Velocity,<a refstr=STEFANOV_ET_AL__2025 href=https://ui.adsabs.harvard.edu/abs/2025A&A...695A..62S/abstract target=ref>Stefanov et al. 2025</a>
GJ 3998,GJ 3998 b,2.65033,0.03,0.00786587965373403,0.00786587965373403,2.5,2.5,1.39,Radial Velocity,<a refstr=STEFANOV_ET_AL__2025 href=https://ui.adsabs.harvard.edu/abs/2025A&A...695A..62S/abstract target=ref>Stefanov et al. 2025</a>
LHS 1678,LHS 1678 c,3.694284,0.0327,0.00440489260609106,,1.4,,0.941,Transit,<a refstr=SILVERSTEIN_ET_AL_2024 href=https://ui.adsabs.harvard.edu/abs/2024AJ....167..255S/abstract target=ref>Silverstein et al. 2024</a>
LHS 1678,LHS 1678 b,0.8602325,0.01239,0.00110122315152276,,0.35,,0.685,Transit,<a refstr=SILVERSTEIN_ET_AL_2024 href=https://ui.adsabs.harvard.edu/abs/2024AJ....167..255S/abstract target=ref>Silverstein et al. 2024</a>
LHS 1678,LHS 1678 d,4.9652229,0.04,0.00285,,0.907,,0.981,Transit,<a refstr=SILVERSTEIN_ET_AL_2024 href=https://ui.adsabs.harvard.edu/abs/2024AJ....167..255S/abstract target=ref>Silverstein et al. 2024</a>
GJ 3293,GJ 3293 c,122.6196,0.36175,0.0663562281722934,0.0663562281722934,21.09,21.09,4.87,Radial Velocity,<a refstr=ASTUDILLO_DEFRU_ET_AL__2017 href=https://ui.adsabs.harvard.edu/abs/2017A&A...602A..88A/abstract target=ref>Astudillo-Defru et al. 2017</a>
GJ 3293,GJ 3293 d,48.1345,0.19394,0.0239121542963219,0.0239121542963219,7.6,7.6,2.67,Radial Velocity,<a refstr=ASTUDILLO_DEFRU_ET_AL__2017 href=https://ui.adsabs.harvard.edu/abs/2017A&A...602A..88A/abstract target=ref>Astudillo-Defru et al. 2017</a>
GJ 3293,GJ 3293 e,13.2543,0.08208,0.0103199823805179,0.0103199823805179,3.28,3.28,1.63,Radial Velocity,<a refstr=ASTUDILLO_DEFRU_ET_AL__2017 href=https://ui.adsabs.harvard.edu/abs/2017A&A...602A..88A/abstract target=ref>Astudillo-Defru et al. 2017</a>
GJ 3293,GJ 3293 b,30.5987,0.14339,0.0740647515967656,0.0740647515967656,23.54,23.54,5.19,Radial Velocity,<a refstr=ASTUDILLO_DEFRU_ET_AL__2017 href=https://ui.adsabs.harvard.edu/abs/2017A&A...602A..88A/abstract target=ref>Astudillo-Defru et al. 2017</a>
TOI-270,TOI-270 b,3.35992,0.03197,0.00465660075501055,,1.48,,1.28,Transit,<a refstr=KAYE_ET_AL__2022 href=https://ui.adsabs.harvard.edu/abs/2022MNRAS.510.5464K/abstract target=ref>Kaye et al. 2022</a>
TOI-270,TOI-270 c,5.66051,0.04526,0.0195073815412604,,6.2,,2.33,Transit,<a refstr=KAYE_ET_AL__2022 href=https://ui.adsabs.harvard.edu/abs/2022MNRAS.510.5464K/abstract target=ref>Kaye et al. 2022</a>
TOI-270,TOI-270 d,11.38194,0.0721,0.0132146778182732,,4.2,,2.0,Transit,<a refstr=KAYE_ET_AL__2022 href=https://ui.adsabs.harvard.edu/abs/2022MNRAS.510.5464K/abstract target=ref>Kaye et al. 2022</a>
TOI-2267 A,TOI-2267 c,3.4950412,0.0263,0.00489,,1.55,,1.14,Transit,<a refstr=ZUNIGA_FERNANDEZ_ET_AL_2025 href=https://ui.adsabs.harvard.edu/abs/2025A&A...702A..85Z/abstract target=ref>Z&uacute;&ntilde;iga-Fern&aacute;ndez et al. 2025</a>
TOI-2267 A,TOI-2267 b,2.28909,0.0205,0.00306,,0.972,,1.0,Transit,<a refstr=ZUNIGA_FERNANDEZ_ET_AL_2025 href=https://ui.adsabs.harvard.edu/abs/2025A&A...702A..85Z/abstract target=ref>Z&uacute;&ntilde;iga-Fern&aacute;ndez et al. 2025</a>
TOI-2267 B,TOI-2267 d,2.0344671,0.0145,0.0119,,3.78,,1.77,Transit,<a refstr=GREKLEK_MCKEON_ET_AL_2026 href=https://ui.adsabs.harvard.edu/abs/2026AJ....171...97G/abstract target=ref>Greklek-McKeon et al. 2026</a>
LP 791-18,LP 791-18 b,0.9479981,0.00978,0.00609,,1.94,,1.212,Transit,<a refstr=PETERSON_ET_AL_2023 href=https://ui.adsabs.harvard.edu/abs/2023Natur.617..701P/abstract target=ref>Peterson et al. 2023</a>
LP 791-18,LP 791-18 d,2.75485,0.01992,0.00286318019395919,,0.91,,1.032,Transit,<a refstr=GREKLEK_MCKEON_ET_AL_2025 href=https://ui.adsabs.harvard.edu/abs/2025AJ....170...65G/abstract target=ref>Greklek-McKeon et al. 2025</a>
LP 791-18,LP 791-18 c,4.98991,0.02961,0.0225278793282943,,7.16,,2.488,Transit,<a refstr=GREKLEK_MCKEON_ET_AL_2025 href=https://ui.adsabs.harvard.edu/abs/2025AJ....170...65G/abstract target=ref>Greklek-McKeon et al. 2025</a>
GJ 3138,GJ 3138 b,1.22003,0.0197,0.00560047824308593,0.00560047824308593,1.78,1.78,1.18,Radial Velocity,<a refstr=ASTUDILLO_DEFRU_ET_AL__2017 href=https://ui.adsabs.harvard.edu/abs/2017A&A...602A..88A/abstract target=ref>Astudillo-Defru et al. 2017</a>
GJ 3138,GJ 3138 c,5.974,0.057,0.0131516848629771,0.0131516848629771,4.18,4.18,1.88,Radial Velocity,<a refstr=ASTUDILLO_DEFRU_ET_AL__2017 href=https://ui.adsabs.harvard.edu/abs/2017A&A...602A..88A/abstract target=ref>Astudillo-Defru et al. 2017</a>
GJ 3138,GJ 3138 d,257.8,0.698,0.0330365289620237,0.0330365289620237,10.5,10.5,3.23,Radial Velocity,<a refstr=ASTUDILLO_DEFRU_ET_AL__2017 href=https://ui.adsabs.harvard.edu/abs/2017A&A...602A..88A/abstract target=ref>Astudillo-Defru et al. 2017</a>
K2-239,K2-239 b,5.24,0.0441,0.0043,,1.37,,1.1,Transit,<a refstr=D_IACUTE_EZ_ALONSO_ET_AL__2018 href=https://ui.adsabs.harvard.edu/abs/2018MNRAS.480L...1D/abstract target=ref>D&iacute;ez Alonso et al. 2018</a>
K2-239,K2-239 c,7.775,0.0576,0.00306,,0.972,,1.0,Transit,<a refstr=D_IACUTE_EZ_ALONSO_ET_AL__2018 href=https://ui.adsabs.harvard.edu/abs/2018MNRAS.480L...1D/abstract target=ref>D&iacute;ez Alonso et al. 2018</a>
K2-239,K2-239 d,10.115,0.0685,0.0043,,1.37,,1.1,Transit,<a refstr=D_IACUTE_EZ_ALONSO_ET_AL__2018 href=https://ui.adsabs.harvard.edu/abs/2018MNRAS.480L...1D/abstract target=ref>D&iacute;ez Alonso et al. 2018</a>
TOI-700,TOI-700 d,37.42396,0.1633,0.00394,,1.25,,1.073,Transit,<a refstr=GILBERT_ET_AL_2023 href=https://ui.adsabs.harvard.edu/abs/2023ApJ...944L..35G/abstract target=ref>Gilbert et al. 2023</a>
TOI-700,TOI-700 c,16.051137,0.0929,0.0229,,7.27,,2.6,Transit,<a refstr=GILBERT_ET_AL_2023 href=https://ui.adsabs.harvard.edu/abs/2023ApJ...944L..35G/abstract target=ref>Gilbert et al. 2023</a>
TOI-700,TOI-700 b,9.977219,0.0677,0.00222,,0.704,,0.914,Transit,<a refstr=GILBERT_ET_AL_2023 href=https://ui.adsabs.harvard.edu/abs/2023ApJ...944L..35G/abstract target=ref>Gilbert et al. 2023</a>
TOI-700,TOI-700 e,27.80978,0.134,0.00257,,0.818,,0.953,Transit,<a refstr=GILBERT_ET_AL_2023 href=https://ui.adsabs.harvard.edu/abs/2023ApJ...944L..35G/abstract target=ref>Gilbert et al. 2023</a>
LHS 1903,LHS 1903 d,12.566287,0.08604,0.0187522570945019,,5.96,,2.5,Transit,<a refstr=WILSON_ET_AL_2026 href=https://ui.adsabs.harvard.edu/abs/2026Sci...392l2348W/abstract target=ref>Wilson et al. 2026</a>
LHS 1903,LHS 1903 e,29.31773,0.15135,0.018217377278048,,5.79,,1.732,Transit,<a refstr=WILSON_ET_AL_2026 href=https://ui.adsabs.harvard.edu/abs/2026Sci...392l2348W/abstract target=ref>Wilson et al. 2026</a>
LHS 1903,LHS 1903 b,2.1555098,0.02656,0.0103200341056991,,3.28,,1.382,Transit,<a refstr=WILSON_ET_AL_2026 href=https://ui.adsabs.harvard.edu/abs/2026Sci...392l2348W/abstract target=ref>Wilson et al. 2026</a>
LHS 1903,LHS 1903 c,6.226185,0.05387,0.0143159009697959,,4.55,,2.046,Transit,<a refstr=WILSON_ET_AL_2026 href=https://ui.adsabs.harvard.edu/abs/2026Sci...392l2348W/abstract target=ref>Wilson et al. 2026</a>
TOI-1266,TOI-1266 c,18.8027,0.105,0.00997393540093476,,3.17,,1.98,Transit,<a refstr=GREKLEK_MCKEON_ET_AL_2025 href=https://ui.adsabs.harvard.edu/abs/2025AJ....169..292G/abstract target=ref>Greklek-McKeon et al. 2025</a>
TOI-1266,TOI-1266 b,10.8945,0.073,0.0140327293022615,,4.46,,2.52,Transit,<a refstr=GREKLEK_MCKEON_ET_AL_2025 href=https://ui.adsabs.harvard.edu/abs/2025AJ....169..292G/abstract target=ref>Greklek-McKeon et al. 2025</a>
TOI-1266,TOI-1266 d,32.509,0.1513,0.0115785748502965,0.0144417550442557,3.68,4.59,1.74,Transit Timing Variations,<a refstr=GREKLEK_MCKEON_ET_AL_2025 href=https://ui.adsabs.harvard.edu/abs/2025AJ....169..292G/abstract target=ref>Greklek-McKeon et al. 2025</a>
Kepler-42,Kepler-42 c,0.45328509,0.006,0.18984143226694,,60.337,,0.73,Transit,<a refstr=MUIRHEAD_ET_AL__2012 href=https://ui.adsabs.harvard.edu/abs/2012arXiv1201.2189M/abstract target=ref> Muirhead et al. 2012 </a>
Kepler-42,Kepler-42 d,1.865169,0.0154,0.00112571750076449,,0.357785,,0.57,Transit,<a refstr=MUIRHEAD_ET_AL__2012 href=https://ui.adsabs.harvard.edu/abs/2012arXiv1201.2189M/abstract target=ref> Muirhead et al. 2012 </a>
Kepler-42,Kepler-42 b,1.2137672,0.0116,0.00222114821851025,,0.705944,,0.78,Transit,<a refstr=MUIRHEAD_ET_AL__2012 href=https://ui.adsabs.harvard.edu/abs/2012arXiv1201.2189M/abstract target=ref> Muirhead et al. 2012 </a>
K2-3,K2-3 d,44.55603,0.2014,0.00692197409528595,,2.2,,1.458,Transit,<a refstr=DIAMOND_LOWE_ET_AL__2022 href=https://ui.adsabs.harvard.edu/abs/2022AJ....164..172D/abstract target=ref>Diamond-Lowe et al. 2022</a>
K2-3,K2-3 b,10.0546535,0.0747,0.0160778580122324,,5.11,,2.078,Transit,<a refstr=DIAMOND_LOWE_ET_AL__2022 href=https://ui.adsabs.harvard.edu/abs/2022AJ....164..172D/abstract target=ref>Diamond-Lowe et al. 2022</a>
K2-3,K2-3 c,24.646729,0.1357,0.00843222298880288,,2.68,,1.582,Transit,<a refstr=DIAMOND_LOWE_ET_AL__2022 href=https://ui.adsabs.harvard.edu/abs/2022AJ....164..172D/abstract target=ref>Diamond-Lowe et al. 2022</a>
TOI-663,TOI-663 c,4.6955507,0.0437,0.0114841842944517,,3.65,,2.26,Transit,<a refstr=COINTEPAS_ET_AL__2024 href=https://ui.adsabs.harvard.edu/abs/2024A&A...685A..19C/abstract target=ref>Cointepas et al. 2024</a>
TOI-663,TOI-663 b,2.598902,0.0295,0.0140012657836466,,4.45,,2.27,Transit,<a refstr=COINTEPAS_ET_AL__2024 href=https://ui.adsabs.harvard.edu/abs/2024A&A...685A..19C/abstract target=ref>Cointepas et al. 2024</a>
TOI-663,TOI-663 d,7.1027268,0.0576,0.0163610296797668,,5.2,,1.92,Transit,<a refstr=COINTEPAS_ET_AL__2024 href=https://ui.adsabs.harvard.edu/abs/2024A&A...685A..19C/abstract target=ref>Cointepas et al. 2024</a>
Kepler-138,Kepler-138 e,38.23,0.1803,0.00135293130044225,,0.43,,0.797,Transit Timing Variations,<a refstr=PIAULET_ET_AL_2023 href=https://ui.adsabs.harvard.edu/abs/2023NatAs...7..206P/abstract target=ref>Piaulet et al. 2023</a>
Kepler-138,Kepler-138 c,13.7815,0.0913,0.00723660928143531,,2.3,,1.51,Transit,<a refstr=PIAULET_ET_AL_2023 href=https://ui.adsabs.harvard.edu/abs/2023NatAs...7..206P/abstract target=ref>Piaulet et al. 2023</a>
Kepler-138,Kepler-138 b,10.3134,0.0753,0.000220244630304553,,0.07,,0.64,Transit,<a refstr=PIAULET_ET_AL_2023 href=https://ui.adsabs.harvard.edu/abs/2023NatAs...7..206P/abstract target=ref>Piaulet et al. 2023</a>
Kepler-138,Kepler-138 d,23.0923,0.1288,0.00660733890913659,,2.1,,1.51,Transit,<a refstr=PIAULET_ET_AL_2023 href=https://ui.adsabs.harvard.edu/abs/2023NatAs...7..206P/abstract target=ref>Piaulet et al. 2023</a>
K2-133,K2-133 b,3.07133,0.03194,0.00742,,2.36,,1.34,Transit,<a refstr=WELLS_ET_AL__2019 href=https://ui.adsabs.harvard.edu/abs/2019MNRAS.487.1865W/abstract target=ref>Wells et al. 2019</a>
K2-133,K2-133 c,4.86784,0.04341,0.0101,,3.2,,1.603,Transit,<a refstr=WELLS_ET_AL__2019 href=https://ui.adsabs.harvard.edu/abs/2019MNRAS.487.1865W/abstract target=ref>Wells et al. 2019</a>
K2-133,K2-133 d,11.02454,0.07487,0.0147,,4.67,,2.003,Transit,<a refstr=WELLS_ET_AL__2019 href=https://ui.adsabs.harvard.edu/abs/2019MNRAS.487.1865W/abstract target=ref>Wells et al. 2019</a>
K2-133,K2-133 e,26.5841,0.1346,0.0115,,3.64,,1.73,Transit,<a refstr=WELLS_ET_AL__2019 href=https://ui.adsabs.harvard.edu/abs/2019MNRAS.487.1865W/abstract target=ref>Wells et al. 2019</a>
K2-384,K2-384 e,9.715043,,0.00747,,2.37,,1.345,Transit,<a refstr=CHRISTIANSEN_ET_AL_2022 href=https://ui.adsabs.harvard.edu/abs/2022AJ....163..244C/abstract target=ref>Christiansen et al. 2022</a>
K2-384,K2-384 f,13.62749,,0.0175,,5.57,,2.222,Transit,<a refstr=CHRISTIANSEN_ET_AL_2022 href=https://ui.adsabs.harvard.edu/abs/2022AJ....163..244C/abstract target=ref>Christiansen et al. 2022</a>
K2-384,K2-384 b,2.231527,,0.00398,,1.26,,1.076,Transit,<a refstr=CHRISTIANSEN_ET_AL_2022 href=https://ui.adsabs.harvard.edu/abs/2022AJ....163..244C/abstract target=ref>Christiansen et al. 2022</a>
K2-384,K2-384 c,4.194766,,0.00572,,1.82,,1.191,Transit,<a refstr=CHRISTIANSEN_ET_AL_2022 href=https://ui.adsabs.harvard.edu/abs/2022AJ....163..244C/abstract target=ref>Christiansen et al. 2022</a>
K2-384,K2-384 d,6.679582,,0.00792,,2.52,,1.392,Transit,<a refstr=CHRISTIANSEN_ET_AL_2022 href=https://ui.adsabs.harvard.edu/abs/2022AJ....163..244C/abstract target=ref>Christiansen et al. 2022</a>
Kepler-446,Kepler-446 d,5.148921,0.0403,0.00752,,2.39,,1.35,Transit,<a refstr=MUIRHEAD_ET_AL__2015 href=https://ui.adsabs.harvard.edu/abs/2015ApJ...801...18M/abstract target=ref>Muirhead et al. 2015</a>
Kepler-446,Kepler-446 b,1.565409,0.0182,0.00899,,2.86,,1.5,Transit,<a refstr=MUIRHEAD_ET_AL__2015 href=https://ui.adsabs.harvard.edu/abs/2015ApJ...801...18M/abstract target=ref>Muirhead et al. 2015</a>
Kepler-446,Kepler-446 c,3.036179,0.0283,0.00444,,1.41,,1.11,Transit,<a refstr=MUIRHEAD_ET_AL__2015 href=https://ui.adsabs.harvard.edu/abs/2015ApJ...801...18M/abstract target=ref>Muirhead et al. 2015</a>
TOI-1749,TOI-1749 c,4.4929,0.0443,0.0440489260609106,,14.0,,2.12,Transit,<a refstr=FUKUI_ET_AL__2021 href=https://ui.adsabs.harvard.edu/abs/2021AJ....162..167F/abstract target=ref>Fukui et al. 2021</a>
TOI-1749,TOI-1749 b,2.38839,0.0291,0.179342056105136,,57.0,,1.39,Transit,<a refstr=FUKUI_ET_AL__2021 href=https://ui.adsabs.harvard.edu/abs/2021AJ....162..167F/abstract target=ref>Fukui et al. 2021</a>
TOI-1749,TOI-1749 d,9.0497,0.0707,0.0471952779224042,,15.0,,2.52,Transit,<a refstr=FUKUI_ET_AL__2021 href=https://ui.adsabs.harvard.edu/abs/2021AJ....162..167F/abstract target=ref>Fukui et al. 2021</a>
Kepler-445,Kepler-445 c,4.871229,0.0301,0.0215,,6.85,,2.51,Transit,<a refstr=MUIRHEAD_ET_AL__2015 href=https://ui.adsabs.harvard.edu/abs/2015ApJ...801...18M/abstract target=ref>Muirhead et al. 2015</a>
Kepler-445,Kepler-445 b,2.984151,0.0217,0.00982,,3.12,,1.58,Transit,<a refstr=MUIRHEAD_ET_AL__2015 href=https://ui.adsabs.harvard.edu/abs/2015ApJ...801...18M/abstract target=ref>Muirhead et al. 2015</a>
Kepler-445,Kepler-445 d,8.15275,0.0439,0.0066,,2.1,,1.25,Transit,<a refstr=MUIRHEAD_ET_AL__2015 href=https://ui.adsabs.harvard.edu/abs/2015ApJ...801...18M/abstract target=ref>Muirhead et al. 2015</a>
Kepler-296,Kepler-296 c,5.8416366,0.0521,0.0147,,4.66,,2.0,Transit,<a refstr=BARCLAY_ET_AL__2015 href=https://ui.adsabs.harvard.edu/abs/2015ApJ...809....7B/abstract target=ref>Barclay et al. 2015</a>
Kepler-296,Kepler-296 d,19.850291,0.118,0.0158,,5.02,,2.09,Transit,<a refstr=BARCLAY_ET_AL__2015 href=https://ui.adsabs.harvard.edu/abs/2015ApJ...809....7B/abstract target=ref>Barclay et al. 2015</a>
Kepler-296,Kepler-296 e,34.14211,0.169,0.0093,,2.96,,1.53,Transit,<a refstr=BARCLAY_ET_AL__2015 href=https://ui.adsabs.harvard.edu/abs/2015ApJ...809....7B/abstract target=ref>Barclay et al. 2015</a>
Kepler-296,Kepler-296 b,10.864384,0.079,0.0101,,3.22,,1.61,Transit,<a refstr=BARCLAY_ET_AL__2015 href=https://ui.adsabs.harvard.edu/abs/2015ApJ...809....7B/abstract target=ref>Barclay et al. 2015</a>
Kepler-296,Kepler-296 f,63.33627,0.255,0.0123,,3.89,,1.8,Transit,<a refstr=BARCLAY_ET_AL__2015 href=https://ui.adsabs.harvard.edu/abs/2015ApJ...809....7B/abstract target=ref>Barclay et al. 2015</a>
Kepler-186,Kepler-186 d,13.342996,0.0781,0.008,,2.54,,1.4,Transit,<a refstr=QUINTANA_ET_AL__2014 href=https://ui.adsabs.harvard.edu/abs/2014Sci...344..277Q/abstract target=ref> Quintana et al. 2014 </a>
Kepler-186,Kepler-186 c,7.267302,0.0451,0.0066,,2.1,,1.25,Transit,<a refstr=QUINTANA_ET_AL__2014 href=https://ui.adsabs.harvard.edu/abs/2014Sci...344..277Q/abstract target=ref> Quintana et al. 2014 </a>
Kepler-186,Kepler-186 b,3.8867907,0.0343,0.0039,,1.24,,1.07,Transit,<a refstr=QUINTANA_ET_AL__2014 href=https://ui.adsabs.harvard.edu/abs/2014Sci...344..277Q/abstract target=ref> Quintana et al. 2014 </a>
Kepler-186,Kepler-186 e,22.407704,0.11,0.00678,,2.15,,1.27,Transit,<a refstr=QUINTANA_ET_AL__2014 href=https://ui.adsabs.harvard.edu/abs/2014Sci...344..277Q/abstract target=ref> Quintana et al. 2014 </a>
Kepler-186,Kepler-186 f,129.9441,0.432,0.00537,,1.71,,1.17,Transit,<a refstr=TORRES_ET_AL__2015 href=https://ui.adsabs.harvard.edu/abs/2015ApJ...800...99T/abstract target=ref>Torres et al. 2015</a>
Kepler-249,Kepler-249 b,3.306539,0.035,0.00416,,1.32,,1.09,Transit,<a refstr=ROWE_ET_AL__2014 href=https://ui.adsabs.harvard.edu/abs/2014ApJ...784...45R/abstract target=ref> Rowe et al. 2014</a>
Kepler-249,Kepler-249 d,15.368459,0.097,0.00972,,3.09,,1.57,Transit,<a refstr=ROWE_ET_AL__2014 href=https://ui.adsabs.harvard.edu/abs/2014ApJ...784...45R/abstract target=ref> Rowe et al. 2014</a>
Kepler-249,Kepler-249 c,7.113702,0.058,0.00909,,2.89,,1.51,Transit,<a refstr=ROWE_ET_AL__2014 href=https://ui.adsabs.harvard.edu/abs/2014ApJ...784...45R/abstract target=ref> Rowe et al. 2014</a>
Kepler-114,Kepler-114 c,8.041,0.06482,0.009,,2.8,,1.6,Transit,<a refstr=XIE_2014 href=https://ui.adsabs.harvard.edu/abs/2014ApJS..210...25X/abstract target=ref>Xie 2014</a>
Kepler-114,Kepler-114 d,11.776,0.08358,0.012,,3.9,,2.53,Transit,<a refstr=XIE_2014 href=https://ui.adsabs.harvard.edu/abs/2014ApJS..210...25X/abstract target=ref>Xie 2014</a>
Kepler-114,Kepler-114 b,5.188549,0.053,0.00342952352902804,,1.09,,1.26,Transit,<a refstr=ROWE_ET_AL__2014 href=https://ui.adsabs.harvard.edu/abs/2014ApJ...784...45R/abstract target=ref> Rowe et al. 2014</a>
Kepler-267,Kepler-267 b,3.353728,0.037,0.119,,37.9,,1.98,Transit,<a refstr=ROWE_ET_AL__2014 href=https://ui.adsabs.harvard.edu/abs/2014ApJ...784...45R/abstract target=ref> Rowe et al. 2014</a>
Kepler-267,Kepler-267 c,6.87745,0.06,0.0163,,5.18,,2.13,Transit,<a refstr=ROWE_ET_AL__2014 href=https://ui.adsabs.harvard.edu/abs/2014ApJ...784...45R/abstract target=ref> Rowe et al. 2014</a>
Kepler-267,Kepler-267 d,28.464515,0.154,0.0182,,5.77,,2.27,Transit,<a refstr=ROWE_ET_AL__2014 href=https://ui.adsabs.harvard.edu/abs/2014ApJ...784...45R/abstract target=ref> Rowe et al. 2014</a>
Kepler-54,Kepler-54 b,8.0109434,0.0619,0.00308342482426374,,0.98,,2.1,Transit,<a refstr=STEFFEN_ET_AL__2013 href=https://ui.adsabs.harvard.edu/abs/2013MNRAS.428.1077S/abstract target=ref> Steffen et al. 2013 </a>
Kepler-54,Kepler-54 d,20.995694,0.126,0.0380538672240207,,12.0946,,1.53,Transit,<a refstr=ROWE_ET_AL__2014 href=https://ui.adsabs.harvard.edu/abs/2014ApJ...784...45R/abstract target=ref> Rowe et al. 2014</a>
Kepler-54,Kepler-54 c,12.0717249,0.0809,0.00220244630304553,,0.7,,1.23,Transit,<a refstr=STEFFEN_ET_AL__2013 href=https://ui.adsabs.harvard.edu/abs/2013MNRAS.428.1077S/abstract target=ref> Steffen et al. 2013 </a>
Kepler-49,Kepler-49 b,7.2,0.05929,0.0307398576867926,,9.77,,2.579,Transit,<a refstr=LELEU_ET_AL__2023 href=https://ui.adsabs.harvard.edu/abs/2023A&A...669A.117L/abstract target=ref>Leleu et al. 2023</a>
Kepler-49,Kepler-49 d,2.576549,0.031,0.742482404978986,,235.982,,1.6,Transit,<a refstr=ROWE_ET_AL__2014 href=https://ui.adsabs.harvard.edu/abs/2014ApJ...784...45R/abstract target=ref> Rowe et al. 2014</a>
Kepler-49,Kepler-49 c,10.91,0.07821,0.0263664285993165,,8.38,,2.444,Transit,<a refstr=LELEU_ET_AL__2023 href=https://ui.adsabs.harvard.edu/abs/2023A&A...669A.117L/abstract target=ref>Leleu et al. 2023</a>
Kepler-49,Kepler-49 e,18.596108,0.116,0.0032663851850096,,1.03815,,1.56,Transit,<a refstr=ROWE_ET_AL__2014 href=https://ui.adsabs.harvard.edu/abs/2014ApJ...784...45R/abstract target=ref> Rowe et al. 2014</a>
Kepler-52,Kepler-52 c,16.3850021,0.10379,0.14284437451181,,45.4,,1.84,Transit,<a refstr=STEFFEN_ET_AL__2013 href=https://ui.adsabs.harvard.edu/abs/2013MNRAS.428.1077S/abstract target=ref> Steffen et al. 2013 </a>
Kepler-52,Kepler-52 b,7.8773565,0.0637,0.424757501301638,,135.0,,2.1,Transit,<a refstr=STEFFEN_ET_AL__2013 href=https://ui.adsabs.harvard.edu/abs/2013MNRAS.428.1077S/abstract target=ref> Steffen et al. 2013 </a>
Kepler-52,Kepler-52 d,36.445171,0.182,0.279639887569899,,88.8775,,1.95,Transit,<a refstr=ROWE_ET_AL__2014 href=https://ui.adsabs.harvard.edu/abs/2014ApJ...784...45R/abstract target=ref> Rowe et al. 2014</a>
Kepler-32,Kepler-32 e,2.896,0.033,0.0128428104917632,,4.08181,,1.5,Transit,<a refstr=FABRYCKY_ET_AL__2012 href=https://ui.adsabs.harvard.edu/abs/2012ApJ...750..114F/abstract target=ref> Fabrycky et al. 2012 </a>
Kepler-32,Kepler-32 c,8.7522,0.09,0.5,,158.9,,2.0,Transit,<a refstr=FABRYCKY_ET_AL__2012 href=https://ui.adsabs.harvard.edu/abs/2012ApJ...750..114F/abstract target=ref> Fabrycky et al. 2012 </a>
Kepler-32,Kepler-32 b,5.90124,0.05,4.1,,1303.0,,2.2,Transit,<a refstr=FABRYCKY_ET_AL__2012 href=https://ui.adsabs.harvard.edu/abs/2012ApJ...750..114F/abstract target=ref> Fabrycky et al. 2012 </a>
Kepler-32,Kepler-32 f,0.74296,0.013,5.85885326480587,,1862.11,,0.82,Transit,<a refstr=FABRYCKY_ET_AL__2012 href=https://ui.adsabs.harvard.edu/abs/2012ApJ...750..114F/abstract target=ref> Fabrycky et al. 2012 </a>
Kepler-32,Kepler-32 d,22.7802,0.13,0.125567441805162,,39.9089,,2.7,Transit,<a refstr=FABRYCKY_ET_AL__2012 href=https://ui.adsabs.harvard.edu/abs/2012ApJ...750..114F/abstract target=ref> Fabrycky et al. 2012 </a>
Kepler-26,Kepler-26 c,17.2559,0.10725,0.0195072837680521,,6.2,,2.72,Transit,<a refstr=JONTOF_HUTTER_ET_AL__2016 href=https://ui.adsabs.harvard.edu/abs/2016ApJ...820...39J/abstract target=ref>Jontof-Hutter et al. 2016</a>
Kepler-26,Kepler-26 b,12.28,0.08551,0.0161092407891011,,5.12,,2.78,Transit,<a refstr=JONTOF_HUTTER_ET_AL__2016 href=https://ui.adsabs.harvard.edu/abs/2016ApJ...820...39J/abstract target=ref>Jontof-Hutter et al. 2016</a>
Kepler-26,Kepler-26 e,46.827915,0.22,0.0201,,6.39,,2.41,Transit,<a refstr=ROWE_ET_AL__2014 href=https://ui.adsabs.harvard.edu/abs/2014ApJ...784...45R/abstract target=ref> Rowe et al. 2014</a>
Kepler-26,Kepler-26 d,3.543919,0.039,0.0039,,1.24,,1.07,Transit,<a refstr=ROWE_ET_AL__2014 href=https://ui.adsabs.harvard.edu/abs/2014ApJ...784...45R/abstract target=ref> Rowe et al. 2014</a>
Kepler-81,Kepler-81 c,12.04,0.08347,0.014,,4.3,,2.37,Transit,<a refstr=XIE_2013 href=https://ui.adsabs.harvard.edu/abs/2013ApJS..208...22X/abstract target=ref> Xie 2013 </a>
Kepler-81,Kepler-81 b,5.955,0.0522,0.054,,17.2,,2.42,Transit,<a refstr=XIE_2013 href=https://ui.adsabs.harvard.edu/abs/2013ApJS..208...22X/abstract target=ref> Xie 2013 </a>
Kepler-81,Kepler-81 d,20.837846,0.128,0.00606,,1.92,,1.21,Transit,<a refstr=ROWE_ET_AL__2014 href=https://ui.adsabs.harvard.edu/abs/2014ApJ...784...45R/abstract target=ref> Rowe et al. 2014</a>
Kepler-83,Kepler-83 b,9.77,0.07295,0.00925027447279122,,2.94,,2.83,Transit,<a refstr=XIE_2013 href=https://ui.adsabs.harvard.edu/abs/2013ApJS..208...22X/abstract target=ref> Xie 2013 </a>
Kepler-83,Kepler-83 d,5.169796,0.051,0.0129000426321238,,4.1,,1.94,Transit,<a refstr=ROWE_ET_AL__2014 href=https://ui.adsabs.harvard.edu/abs/2014ApJ...784...45R/abstract target=ref> Rowe et al. 2014</a>
Kepler-83,Kepler-83 c,20.09,0.11796,0.00638709427883203,,2.03,,2.36,Transit,<a refstr=XIE_2013 href=https://ui.adsabs.harvard.edu/abs/2013ApJS..208...22X/abstract target=ref> Xie 2013 </a>
Kepler-235,Kepler-235 b,3.340222,0.037,0.0176,,5.6,,2.23,Transit,<a refstr=ROWE_ET_AL__2014 href=https://ui.adsabs.harvard.edu/abs/2014ApJ...784...45R/abstract target=ref> Rowe et al. 2014</a>
Kepler-235,Kepler-235 c,7.824904,0.065,0.00687,,2.18,,1.28,Transit,<a refstr=ROWE_ET_AL__2014 href=https://ui.adsabs.harvard.edu/abs/2014ApJ...784...45R/abstract target=ref> Rowe et al. 2014</a>
Kepler-235,Kepler-235 e,46.183669,0.213,0.0175,,5.56,,2.22,Transit,<a refstr=ROWE_ET_AL__2014 href=https://ui.adsabs.harvard.edu/abs/2014ApJ...784...45R/abstract target=ref> Rowe et al. 2014</a>
Kepler-235,Kepler-235 d,20.060548,0.122,0.0153,,4.86,,2.05,Transit,<a refstr=ROWE_ET_AL__2014 href=https://ui.adsabs.harvard.edu/abs/2014ApJ...784...45R/abstract target=ref> Rowe et al. 2014</a>
