Planet_Name,Orbital_Period_Days,Semi_Major_Axis_AU,Planet_Mass_Jup,Mpsini_Jup,Planet_Mass_Earth,Mpsini_Earth,Planet_Radius_Earth,Discovery_Method,Planet_Ref
tau Cet h,49.41 +0.08 -0.1,0.243 ± 0.003,0.0058 +0.0021 -0.0008,0.0058 +0.0021 -0.0008,1.83 +0.68 -0.26,1.83 +0.68 -0.26,1.19,Radial Velocity,<a refstr=FENG_ET_AL__2017 href=https://ui.adsabs.harvard.edu/abs/2017AJ....154..135F/abstract target=ref>Feng et al. 2017</a>
tau Cet f,636.13 +11.7 -47.69,1.334 +0.017 -0.044,0.0124 +0.0033 -0.0043,0.0124 +0.0033 -0.0043,3.93 +1.05 -1.37,3.93 +1.05 -1.37,1.81,Radial Velocity,<a refstr=FENG_ET_AL__2017 href=https://ui.adsabs.harvard.edu/abs/2017AJ....154..135F/abstract target=ref>Feng et al. 2017</a>
tau Cet g,20.0 +0.02 -0.01,0.133 +0.001 -0.002,0.0055 +0.0008 -0.0013,0.0055 +0.0008 -0.0013,1.75 +0.25 -0.4,1.75 +0.25 -0.4,1.18,Radial Velocity,<a refstr=FENG_ET_AL__2017 href=https://ui.adsabs.harvard.edu/abs/2017AJ....154..135F/abstract target=ref>Feng et al. 2017</a>
HD 20794 b,18.314 ± 0.0022,0.1257 ± 0.0005,0.0085 ± 0.0009,0.0068 ± 0.0005,2.7 ± 0.3,2.15 ± 0.17,1.45,Radial Velocity,<a refstr=NARI_ET_AL_2025 href=https://ui.adsabs.harvard.edu/abs/2025A&A...693A.297N/abstract target=ref>Nari et al. 2025</a>
HD 20794 e,147.02 +1.43 -0.91,0.509 ± 0.006,0.015 +0.003 -0.0027,0.015 +0.003 -0.0027,4.77 +0.96 -0.86,4.77 +0.96 -0.86,2.03,Radial Velocity,<a refstr=FENG_ET_AL__2017 href=https://ui.adsabs.harvard.edu/abs/2017A&A...605A.103F/abstract target=ref>Feng et al. 2017</a>
HD 20794 d,89.68 ± 0.1,0.3625 +0.0015 -0.0016,0.015 ± 0.002,0.0094 ± 0.0009,4.8 ± 0.6,2.98 ± 0.29,2.04,Radial Velocity,<a refstr=NARI_ET_AL_2025 href=https://ui.adsabs.harvard.edu/abs/2025A&A...693A.297N/abstract target=ref>Nari et al. 2025</a>
HD 20794 f,647.6 +2.5 -2.7,1.3541 ± 0.0068,0.0183 ± 0.0018,0.0183 ± 0.0018,5.82 ± 0.57,5.82 ± 0.57,2.28,Radial Velocity,<a refstr=NARI_ET_AL_2025 href=https://ui.adsabs.harvard.edu/abs/2025A&A...693A.297N/abstract target=ref>Nari et al. 2025</a>
61 Vir d,123.01 ± 0.55,0.476 ± 0.001,0.072 ± 0.008,0.072 ± 0.008,22.9 ± 2.6,22.9 ± 2.6,5.11,Radial Velocity,<a refstr=VOGT_ET_AL__2010 href=https://ui.adsabs.harvard.edu/abs/2010ApJ...708.1366V/abstract target=ref> Vogt et al. 2010 </a>
61 Vir c,38.021 ± 0.034,0.2175 ± 0.0001,0.057 ± 0.003,0.057 ± 0.003,18.2 ± 1.1,18.2 ± 1.1,4.46,Radial Velocity,<a refstr=VOGT_ET_AL__2010 href=https://ui.adsabs.harvard.edu/abs/2010ApJ...708.1366V/abstract target=ref> Vogt et al. 2010 </a>
61 Vir b,4.215 ± 0.0006,0.0502 ± 0.0,0.016 ± 0.002,0.016 ± 0.002,5.1 ± 0.5,5.1 ± 0.5,2.11,Radial Velocity,<a refstr=VOGT_ET_AL__2010 href=https://ui.adsabs.harvard.edu/abs/2010ApJ...708.1366V/abstract target=ref> Vogt et al. 2010 </a>
55 Cnc f,260.58 ± 0.15,0.802 ± 0.014,0.141 ± 0.012,0.1526 ± 0.0088,44.812 ± 3.814,48.5 ± 2.8,7.59,Radial Velocity,<a refstr=MOUTOU_ET_AL_2026 href=https://ui.adsabs.harvard.edu/abs/2026A&A...705A.190M/abstract target=ref>Moutou et al. 2026</a>
55 Cnc d,4799.0 +4.9 -15.0,5.6 ± 0.1,3.878 ± 0.068,3.82 ± 0.13,1232.493 ± 21.612,1214.1045 ± 41.3177,13.0,Radial Velocity,<a refstr=MOUTOU_ET_AL_2026 href=https://ui.adsabs.harvard.edu/abs/2026A&A...705A.190M/abstract target=ref>Moutou et al. 2026</a>
55 Cnc c,44.3936 ± 0.0024,0.247 ± 0.004,0.1714 ± 0.0055,0.1781 ± 0.0069,54.4738 ± 1.748,56.6 ± 2.2,8.51,Radial Velocity,<a refstr=MOUTOU_ET_AL_2026 href=https://ui.adsabs.harvard.edu/abs/2026A&A...705A.190M/abstract target=ref>Moutou et al. 2026</a>
55 Cnc b,14.6516 ± 0.0,0.118 ± 0.002,0.8306 ± 0.0033,0.8684 ± 0.0283,263.9785 ± 1.0488,276.0 ± 9.0,13.9,Radial Velocity,<a refstr=MOUTOU_ET_AL_2026 href=https://ui.adsabs.harvard.edu/abs/2026A&A...705A.190M/abstract target=ref>Moutou et al. 2026</a>
55 Cnc e,0.7365 ± 0.0,0.0154 ± 0.0001,0.0251 ± 0.001,0.0294 ± 0.0014,7.99 +0.32 -0.33,9.35 ± 0.44,1.875 ± 0.029,Radial Velocity,<a refstr=BOURRIER_ET_AL__2018 href=https://ui.adsabs.harvard.edu/abs/2018A&A...619A...1B/abstract target=ref>Bourrier et al. 2018</a>
47 UMa d,14002.0 +4018.0 -5095.0,11.6 +2.1 -2.9,1.64 +0.29 -0.48,1.64 +0.29 -0.48,521.22 +92.17 -152.55,521.22 +92.17 -152.55,13.5,Radial Velocity,<a refstr=GREGORY___FISCHER_2010 href=https://ui.adsabs.harvard.edu/abs/2010MNRAS.403..731G/abstract target=ref> Gregory &amp; Fischer 2010 </a>
47 UMa c,2391.0 +100.0 -87.0,3.6 ± 0.1,0.54 +0.066 -0.073,0.54 +0.066 -0.073,171.621 +20.976 -23.201,171.621 +20.976 -23.201,14.2,Radial Velocity,<a refstr=GREGORY___FISCHER_2010 href=https://ui.adsabs.harvard.edu/abs/2010MNRAS.403..731G/abstract target=ref> Gregory &amp; Fischer 2010 </a>
47 UMa b,1078.0 ± 2.0,2.1 ± 0.02,2.53 +0.07 -0.06,2.53 +0.07 -0.06,804.08 +22.25 -19.07,804.08 +22.25 -19.07,13.2,Radial Velocity,<a refstr=GREGORY___FISCHER_2010 href=https://ui.adsabs.harvard.edu/abs/2010MNRAS.403..731G/abstract target=ref> Gregory &amp; Fischer 2010 </a>
HD 136352 b,11.578 ± 0.0001,0.0964 ± 0.0028,0.0149 ± 0.0013,0.0145 ± 0.0014,4.72 ± 0.42,4.62 +0.45 -0.43,1.664 ± 0.043,Radial Velocity,<a refstr=DELREZ_ET_AL_2021 href=https://ui.adsabs.harvard.edu/abs/2021NatAs...5..775D/abstract target=ref>Delrez et al. 2021</a>
HD 136352 d,107.245 ± 0.05,0.425 ± 0.012,0.0278 ± 0.0029,0.033 +0.0035 -0.0031,8.82 +0.93 -0.92,10.5 +1.1 -1.0,2.562 +0.088 -0.079,Radial Velocity,<a refstr=DELREZ_ET_AL_2021 href=https://ui.adsabs.harvard.edu/abs/2021NatAs...5..775D/abstract target=ref>Delrez et al. 2021</a>
HD 136352 c,27.5922 ± 0.0001,0.1721 ± 0.005,0.0354 ± 0.002,0.0355 +0.0023 -0.0022,11.24 +0.65 -0.63,11.28 +0.73 -0.69,2.916 +0.075 -0.073,Radial Velocity,<a refstr=DELREZ_ET_AL_2021 href=https://ui.adsabs.harvard.edu/abs/2021NatAs...5..775D/abstract target=ref>Delrez et al. 2021</a>
HD 160691 c,3947.0 ± 23.0,4.17 ± 0.07,4.4,2.2622 +0.1982 -0.151,1398.445,719.0 +63.0 -48.0,--,Radial Velocity,<a refstr=BENEDICT_ET_AL__2022 href=https://ui.adsabs.harvard.edu/abs/2022AJ....163..295B/abstract target=ref>Benedict et al. 2022</a>
HD 160691 b,645.0 ± 0.3,1.5 ± 0.02,4.3,1.7494 ± 0.0661,1366.6622,556.0 ± 21.0,--,Radial Velocity,<a refstr=BENEDICT_ET_AL__2022 href=https://ui.adsabs.harvard.edu/abs/2022AJ....163..295B/abstract target=ref>Benedict et al. 2022</a>
HD 160691 e,307.9 ± 0.3,0.96 ± 0.018,7.0,0.4927 +0.0223 -0.022,2224.7988,156.6 +7.1 -7.0,--,Radial Velocity,<a refstr=BENEDICT_ET_AL__2022 href=https://ui.adsabs.harvard.edu/abs/2022AJ....163..295B/abstract target=ref>Benedict et al. 2022</a>
HD 160691 d,9.6392 ± 0.0006,0.0952 ± 0.0018,0.033 +0.0026 -0.0025,0.033 +0.0026 -0.0025,10.49 +0.83 -0.81,10.49 +0.83 -0.81,3.23,Radial Velocity,<a refstr=BENEDICT_ET_AL__2022 href=https://ui.adsabs.harvard.edu/abs/2022AJ....163..295B/abstract target=ref>Benedict et al. 2022</a>
HD 190360 b,2887.5 +3.5 -3.6,3.965 ± 0.047,1.6896 +0.2486 -0.1447,1.513 ± 0.038,537.0 +79.0 -46.0,481.0 ± 12.0,13.5,Radial Velocity,<a refstr=GIOVINAZZI_ET_AL_2026 href=https://ui.adsabs.harvard.edu/abs/2026AJ....171..286G/abstract target=ref>Giovinazzi et al. 2026</a>
HD 190360 d,88.69 +0.051 -0.049,0.3886 ± 0.0046,0.0374 +0.0195 -0.0053,0.0322 ± 0.0025,11.9 +6.2 -1.7,10.23 +0.81 -0.8,3.48,Radial Velocity,<a refstr=GIOVINAZZI_ET_AL_2026 href=https://ui.adsabs.harvard.edu/abs/2026AJ....171..286G/abstract target=ref>Giovinazzi et al. 2026</a>
HD 190360 c,17.1163 ± 0.0004,0.1298 +0.0015 -0.0016,0.0824 +0.085 -0.0126,0.0684 ± 0.0021,26.2 +27.0 -4.0,21.75 +0.67 -0.66,5.53,Radial Velocity,<a refstr=GIOVINAZZI_ET_AL_2026 href=https://ui.adsabs.harvard.edu/abs/2026AJ....171..286G/abstract target=ref>Giovinazzi et al. 2026</a>
rho CrB e,12.904 ± 0.011,0.1061 ± 0.0011,0.0117 ± 0.0019,0.0117 ± 0.0019,3.71 ± 0.598,3.71 ± 0.598,1.75,Radial Velocity,<a refstr=ZHAO_ET_AL_2026 href=https://ui.adsabs.harvard.edu/abs/2026ApJS..282...71Z/abstract target=ref>Zhao et al. 2026</a>
rho CrB c,102.036 ± 0.204,0.4206 +0.0044 -0.0045,0.0863 ± 0.0022,0.0863 ± 0.0022,27.442 ± 0.709,27.442 ± 0.709,5.68,Radial Velocity,<a refstr=ZHAO_ET_AL_2026 href=https://ui.adsabs.harvard.edu/abs/2026ApJS..282...71Z/abstract target=ref>Zhao et al. 2026</a>
rho CrB b,39.849 ± 0.002,0.2245 +0.0023 -0.0024,1.0949 ± 0.0002,1.0949 ± 0.0002,347.995 ± 0.054,347.995 ± 0.054,13.7,Radial Velocity,<a refstr=ZHAO_ET_AL_2026 href=https://ui.adsabs.harvard.edu/abs/2026ApJS..282...71Z/abstract target=ref>Zhao et al. 2026</a>
HD 39091 b,2088.8 ± 0.4,3.28 ± 0.04,14.1 +0.5 -0.4,9.89 ± 0.25,4481.3805 +158.9142 -127.1314,3143.3229 ± 79.4571,12.3,Radial Velocity,<a refstr=DAMASSO_ET_AL__2020 href=https://ui.adsabs.harvard.edu/abs/2020A&A...642A..31D/abstract target=ref>Damasso et al. 2020</a>
pi Men d,124.64 +0.48 -0.52,0.506 +0.012 -0.013,0.0421 ± 0.0042,0.0421 ± 0.0042,13.38 ± 1.35,13.38 ± 1.35,3.72,Radial Velocity,<a refstr=HATZES_ET_AL__2022 href=https://ui.adsabs.harvard.edu/abs/2022AJ....163..223H/abstract target=ref>Hatzes et al. 2022</a>
pi Men c,6.2678 ± 0.0,0.0684 ± 0.0005,0.0114 ± 0.0012,0.011 ± 0.001,3.63 ± 0.38,3.4961 ± 0.3178,2.0189 +0.0465 -0.0448,Transit,<a refstr=KUNOVAC_HODZIC_ET_AL_2021 href=https://ui.adsabs.harvard.edu/abs/2021MNRAS.502.2893K/abstract target=ref>Kunovac Hod&#x17E;i&#x107; et al. 2021</a>
HD 164922 d,12.458 ± 0.003,0.103 ± 0.001,0.0126 ± 0.0031,0.0126 ± 0.0031,4.0 ± 1.0,4.0 ± 1.0,1.83,Radial Velocity,<a refstr=BENATTI_ET_AL__2020 href=https://ui.adsabs.harvard.edu/abs/2020A&A...639A..50B/abstract target=ref>Benatti et al. 2020</a>
HD 164922 e,41.763 ± 0.012,0.2292 +0.0026 -0.0027,0.0331 ± 0.0031,0.0331 ± 0.0031,10.5201 ± 0.9853,10.5201 ± 0.9853,3.23,Radial Velocity,<a refstr=ROSENTHAL_ET_AL__2021 href=https://ui.adsabs.harvard.edu/abs/2021ApJS..255....8R/abstract target=ref>Rosenthal et al. 2021</a>
HD 164922 c,75.74 +0.06 -0.05,0.341 ± 0.004,0.0409 +0.0094 -0.0063,0.0409 +0.0094 -0.0063,13.0 +3.0 -2.0,13.0 +3.0 -2.0,3.66,Radial Velocity,<a refstr=BENATTI_ET_AL__2020 href=https://ui.adsabs.harvard.edu/abs/2020A&A...639A..50B/abstract target=ref>Benatti et al. 2020</a>
HD 164922 b,1207.0 +4.0 -5.0,2.16 ± 0.03,0.365 +0.0315 -0.0378,0.365 +0.0315 -0.0378,116.0 +10.0 -12.0,116.0 +10.0 -12.0,13.3,Radial Velocity,<a refstr=BENATTI_ET_AL__2020 href=https://ui.adsabs.harvard.edu/abs/2020A&A...639A..50B/abstract target=ref>Benatti et al. 2020</a>
HD 63433 d,4.2091 ± 0.0,0.0503 +0.0025 -0.0027,0.0039,--,1.25,--,1.073 +0.046 -0.044,Transit,<a refstr=CAPISTRANT_ET_AL_2024 href=https://ui.adsabs.harvard.edu/abs/2024AJ....167...54C/abstract target=ref>Capistrant et al. 2024</a>
HD 63433 b,7.1079 ± 0.0,0.072 ± 0.001,0.0684,--,21.755,--,2.14 +0.087 -0.069,Transit,<a refstr=MALLORQU_AMP_IACUTE_N_ET_AL__2023 href=https://ui.adsabs.harvard.edu/abs/2023A&A...671A.163M/abstract target=ref>Mallorqu&iacute;n et al. 2023</a>
HD 63433 c,20.5438 ± 0.0,0.146 ± 0.003,0.0489 +0.0121 -0.012,--,15.539 +3.861 -3.802,--,2.692 +0.108 -0.088,Transit,<a refstr=MALLORQU_AMP_IACUTE_N_ET_AL__2023 href=https://ui.adsabs.harvard.edu/abs/2023A&A...671A.163M/abstract target=ref>Mallorqu&iacute;n et al. 2023</a>
HD 96700 c,19.88 ± 0.01,0.141 ± 0.002,0.011 ± 0.0013,0.011 ± 0.0013,3.5 ± 0.4,3.5 ± 0.4,1.69,Radial Velocity,<a refstr=UNGER_ET_AL__2021 href=https://ui.adsabs.harvard.edu/abs/2021A&A...654A.104U/abstract target=ref>Unger et al. 2021</a>
HD 96700 b,8.1245 ± 0.0006,0.0777 ± 0.0013,0.028 ± 0.0013,0.028 ± 0.0013,8.9 ± 0.4,8.9 ± 0.4,2.93,Radial Velocity,<a refstr=UNGER_ET_AL__2021 href=https://ui.adsabs.harvard.edu/abs/2021A&A...654A.104U/abstract target=ref>Unger et al. 2021</a>
HD 96700 d,103.5 ± 0.1,0.424 ± 0.007,0.04 ± 0.0031,0.04 ± 0.0031,12.7 ± 1.0,12.7 ± 1.0,3.61,Radial Velocity,<a refstr=UNGER_ET_AL__2021 href=https://ui.adsabs.harvard.edu/abs/2021A&A...654A.104U/abstract target=ref>Unger et al. 2021</a>
HD 134606 d,966.5 +5.3 -6.9,1.941 +0.043 -0.046,0.141 ± 0.0091,0.141 ± 0.0091,44.8 ± 2.9,44.8 ± 2.9,7.59,Radial Velocity,<a refstr=LI_ET_AL_2024 href=https://ui.adsabs.harvard.edu/abs/2024AJ....167..155L/abstract target=ref>Li et al. 2024</a>
HD 134606 f,26.915 ± 0.016,0.1784 +0.0039 -0.0041,0.0177 +0.0023 -0.0022,0.0177 +0.0023 -0.0022,5.63 +0.72 -0.69,5.63 +0.72 -0.69,2.24,Radial Velocity,<a refstr=LI_ET_AL_2024 href=https://ui.adsabs.harvard.edu/abs/2024AJ....167..155L/abstract target=ref>Li et al. 2024</a>
HD 134606 b,12.089 +0.0016 -0.0015,0.1046 +0.0023 -0.0024,0.0286 ± 0.002,0.0286 ± 0.002,9.09 +0.64 -0.63,9.09 +0.64 -0.63,2.97,Radial Velocity,<a refstr=LI_ET_AL_2024 href=https://ui.adsabs.harvard.edu/abs/2024AJ....167..155L/abstract target=ref>Li et al. 2024</a>
HD 134606 c,58.883 +0.041 -0.039,0.3007 +0.0066 -0.0069,0.0356 ± 0.0031,0.0356 ± 0.0031,11.31 +1.0 -0.99,11.31 +1.0 -0.99,3.37,Radial Velocity,<a refstr=LI_ET_AL_2024 href=https://ui.adsabs.harvard.edu/abs/2024AJ....167..155L/abstract target=ref>Li et al. 2024</a>
HD 134606 e,4.3203 ± 0.0005,0.0527 +0.0011 -0.0012,0.0074 ± 0.0011,0.0074 ± 0.0011,2.34 +0.35 -0.34,2.34 +0.35 -0.34,1.33,Radial Velocity,<a refstr=LI_ET_AL_2024 href=https://ui.adsabs.harvard.edu/abs/2024AJ....167..155L/abstract target=ref>Li et al. 2024</a>
HD 158259 b,2.178 ± 0.0001,--,0.007 +0.0012 -0.0014,0.007 +0.0012 -0.0014,2.22 +0.39 -0.45,2.22 +0.39 -0.45,1.2823 ± 0.0665,Radial Velocity,<a refstr=HARA_ET_AL__2020 href=https://ui.adsabs.harvard.edu/abs/2020A&A...636L...6H/abstract target=ref>Hara et al. 2020</a>
HD 158259 d,5.1981 +0.0008 -0.0009,--,0.017 +0.0023 -0.0022,0.017 +0.0023 -0.0022,5.41 +0.74 -0.71,5.41 +0.74 -0.71,2.18,Radial Velocity,<a refstr=HARA_ET_AL__2020 href=https://ui.adsabs.harvard.edu/abs/2020A&A...636L...6H/abstract target=ref>Hara et al. 2020</a>
HD 158259 c,3.432 +0.0003 -0.0002,--,0.0176 ± 0.0019,0.0176 ± 0.0019,5.6 +0.6 -0.59,5.6 +0.6 -0.59,2.23,Radial Velocity,<a refstr=HARA_ET_AL__2020 href=https://ui.adsabs.harvard.edu/abs/2020A&A...636L...6H/abstract target=ref>Hara et al. 2020</a>
HD 158259 e,7.951 +0.0022 -0.0021,--,0.0191 +0.003 -0.0032,0.0191 +0.003 -0.0032,6.08 +0.94 -1.03,6.08 +0.94 -1.03,2.34,Radial Velocity,<a refstr=HARA_ET_AL__2020 href=https://ui.adsabs.harvard.edu/abs/2020A&A...636L...6H/abstract target=ref>Hara et al. 2020</a>
HD 158259 f,12.028 ± 0.009,--,0.0193 +0.0041 -0.0043,0.0193 +0.0041 -0.0043,6.14 +1.31 -1.37,6.14 +1.31 -1.37,2.35,Radial Velocity,<a refstr=HARA_ET_AL__2020 href=https://ui.adsabs.harvard.edu/abs/2020A&A...636L...6H/abstract target=ref>Hara et al. 2020</a>
HD 37124 c,885.5 ± 5.1,1.71 ± 0.0065,0.652 ± 0.052,0.652 ± 0.052,207.2252 ± 16.5272,207.2252 ± 16.5272,14.1,Radial Velocity,<a refstr=WRIGHT_ET_AL__2011 href=https://ui.adsabs.harvard.edu/abs/2011ApJ...730...93W/abstract target=ref>Wright et al. 2011</a>
HD 37124 b,154.378 ± 0.089,0.5336 ± 0.0002,0.675 ± 0.017,0.675 ± 0.017,214.5352 ± 5.4031,214.5352 ± 5.4031,14.0,Radial Velocity,<a refstr=WRIGHT_ET_AL__2011 href=https://ui.adsabs.harvard.edu/abs/2011ApJ...730...93W/abstract target=ref>Wright et al. 2011</a>
HD 37124 d,1862.0 ± 38.0,2.807 ± 0.038,0.696 ± 0.059,0.696 ± 0.059,221.2097 ± 18.752,221.2097 ± 18.752,14.0,Radial Velocity,<a refstr=WRIGHT_ET_AL__2011 href=https://ui.adsabs.harvard.edu/abs/2011ApJ...730...93W/abstract target=ref>Wright et al. 2011</a>
HD 20782 b,597.0643 ± 0.0256,1.3649 +0.0466 -0.0495,1.4878 +0.1045 -0.1066,1.4878 +0.1045 -0.1066,472.83 +33.22 -33.88,472.83 +33.22 -33.88,13.6,Radial Velocity,<a refstr=UDRY_ET_AL__2019 href=https://ui.adsabs.harvard.edu/abs/2019A&A...622A..37U/abstract target=ref>Udry et al. 2019</a>
HD 31527 b,16.5535 +0.0034 -0.0035,0.1254 +0.0041 -0.0045,0.0329 ± 0.0028,0.0329 ± 0.0028,10.47 +0.89 -0.87,10.47 +0.89 -0.87,3.22,Radial Velocity,<a refstr=UDRY_ET_AL__2019 href=https://ui.adsabs.harvard.edu/abs/2019A&A...622A..37U/abstract target=ref>Udry et al. 2019</a>
HD 31527 d,271.6737 +2.1135 -2.2471,0.8098 +0.0273 -0.0293,0.0372 +0.0053 -0.0052,0.0372 +0.0053 -0.0052,11.82 +1.7 -1.64,11.82 +1.7 -1.64,3.46,Radial Velocity,<a refstr=UDRY_ET_AL__2019 href=https://ui.adsabs.harvard.edu/abs/2019A&A...622A..37U/abstract target=ref>Udry et al. 2019</a>
HD 31527 c,51.2053 +0.0373 -0.0368,0.2663 +0.0088 -0.0095,0.0445 +0.004 -0.0039,0.0445 +0.004 -0.0039,14.16 +1.28 -1.23,14.16 +1.28 -1.23,3.85,Radial Velocity,<a refstr=UDRY_ET_AL__2019 href=https://ui.adsabs.harvard.edu/abs/2019A&A...622A..37U/abstract target=ref>Udry et al. 2019</a>
HD 10180 e,49.748 ± 0.025,0.2699 ± 0.0043,0.079 ± 0.0038,0.0805 ± 0.0032,25.1 ± 1.2,25.5853 ± 1.0171,5.39,Radial Velocity,<a refstr=KANE__AMP__GELINO_2014 href=https://ui.adsabs.harvard.edu/abs/2014ApJ...792..111K/abstract target=ref>Kane &amp; Gelino 2014</a>
HD 10180 h,2205.0 ± 105.9,3.381 ± 0.121,0.203 ± 0.014,0.2066 ± 0.0139,64.4 ± 4.6,65.6637 ± 4.4178,9.4,Radial Velocity,<a refstr=KANE__AMP__GELINO_2014 href=https://ui.adsabs.harvard.edu/abs/2014ApJ...792..111K/abstract target=ref>Kane &amp; Gelino 2014</a>
HD 10180 c,5.7597 ± 0.0003,0.0641 ± 0.001,8.626,0.0416 ± 0.0014,2741.5878,13.2217 ± 0.445,--,Radial Velocity,<a refstr=KANE__AMP__GELINO_2014 href=https://ui.adsabs.harvard.edu/abs/2014ApJ...792..111K/abstract target=ref>Kane &amp; Gelino 2014</a>
HD 10180 g,604.67 ± 10.42,1.427 ± 0.028,10.62,0.0732 ± 0.0138,3375.3377,23.2652 ± 4.3861,--,Radial Velocity,<a refstr=KANE__AMP__GELINO_2014 href=https://ui.adsabs.harvard.edu/abs/2014ApJ...792..111K/abstract target=ref>Kane &amp; Gelino 2014</a>
HD 10180 f,122.744 ± 0.232,0.4929 ± 0.0078,0.0752 ± 0.0044,0.0722 ± 0.0047,23.9 ± 1.4,22.9473 ± 1.4938,5.24,Radial Velocity,<a refstr=KANE__AMP__GELINO_2014 href=https://ui.adsabs.harvard.edu/abs/2014ApJ...792..111K/abstract target=ref>Kane &amp; Gelino 2014</a>
HD 10180 d,16.357 ± 0.0038,0.1286 ± 0.002,10.37,0.0378 ± 0.0022,3295.8806,12.014 ± 0.6992,--,Radial Velocity,<a refstr=KANE__AMP__GELINO_2014 href=https://ui.adsabs.harvard.edu/abs/2014ApJ...792..111K/abstract target=ref>Kane &amp; Gelino 2014</a>
HD 93385 b,7.3426 ± 0.0012,0.0756 ± 0.0013,0.0132 ± 0.0016,0.0132 ± 0.0016,4.2 ± 0.5,4.2 ± 0.5,1.88,Radial Velocity,<a refstr=UNGER_ET_AL__2021 href=https://ui.adsabs.harvard.edu/abs/2021A&A...654A.104U/abstract target=ref>Unger et al. 2021</a>
HD 93385 d,45.85 ± 0.05,0.2565 ± 0.0043,0.0274 ± 0.0028,0.0274 ± 0.0028,8.7 ± 0.9,8.7 ± 0.9,2.89,Radial Velocity,<a refstr=UNGER_ET_AL__2021 href=https://ui.adsabs.harvard.edu/abs/2021A&A...654A.104U/abstract target=ref>Unger et al. 2021</a>
HD 93385 c,13.18 ± 0.003,0.112 ± 0.002,0.0223 ± 0.0019,0.0223 ± 0.0019,7.1 ± 0.6,7.1 ± 0.6,2.56,Radial Velocity,<a refstr=UNGER_ET_AL__2021 href=https://ui.adsabs.harvard.edu/abs/2021A&A...654A.104U/abstract target=ref>Unger et al. 2021</a>
HD 28471 d,11.681 +0.0042 -0.0055,0.1 ± 0.002,0.0154 +0.0026 -0.0024,0.0154 +0.0026 -0.0024,4.91 +0.82 -0.77,4.91 +0.82 -0.77,2.06,Radial Velocity,<a refstr=STEVENSON_ET_AL_2025 href=https://ui.adsabs.harvard.edu/abs/2025MNRAS.543...28S/abstract target=ref>Stevenson et al. 2025</a>
HD 28471 b,3.1649 +0.0002 -0.0003,0.042 ± 0.001,0.0117 +0.0013 -0.0014,0.0117 +0.0013 -0.0014,3.72 +0.4 -0.43,3.72 +0.4 -0.43,1.75,Radial Velocity,<a refstr=STEVENSON_ET_AL_2025 href=https://ui.adsabs.harvard.edu/abs/2025MNRAS.543...28S/abstract target=ref>Stevenson et al. 2025</a>
HD 28471 c,6.1245 +0.0856 -0.0009,0.065 ± 0.001,0.018 +0.0018 -0.0023,0.018 +0.0018 -0.0023,5.72 +0.57 -0.72,5.72 +0.57 -0.72,2.26,Radial Velocity,<a refstr=STEVENSON_ET_AL_2025 href=https://ui.adsabs.harvard.edu/abs/2025MNRAS.543...28S/abstract target=ref>Stevenson et al. 2025</a>
HD 34445 f,676.8 ± 7.9,1.543 ± 0.016,0.119 ± 0.021,0.119 ± 0.021,37.9 ± 6.5,37.9 ± 6.5,6.88,Radial Velocity,<a refstr=VOGT_ET_AL__2017 href=https://ui.adsabs.harvard.edu/abs/2017AJ....154..181V/abstract target=ref>Vogt et al. 2017</a>
HD 34445 e,49.175 ± 0.045,0.2687 ± 0.0019,0.0529 ± 0.0089,0.0529 ± 0.0089,16.8 ± 2.9,16.8 ± 2.9,4.26,Radial Velocity,<a refstr=VOGT_ET_AL__2017 href=https://ui.adsabs.harvard.edu/abs/2017AJ....154..181V/abstract target=ref>Vogt et al. 2017</a>
HD 34445 b,1049.0 ± 11.0,2.07 ± 0.04,0.82 ± 0.09,0.82 ± 0.09,260.6206 ± 28.6047,260.6206 ± 28.6047,13.9,Radial Velocity,<a refstr=STASSUN_ET_AL__2017 href=https://ui.adsabs.harvard.edu/abs/2017AJ....153..136S/abstract target=ref>Stassun et al. 2017</a>
HD 34445 d,117.87 ± 0.18,0.4817 ± 0.0033,0.097 ± 0.13,0.097 ± 0.13,30.7 ± 3.9,30.7 ± 3.9,6.07,Radial Velocity,<a refstr=VOGT_ET_AL__2017 href=https://ui.adsabs.harvard.edu/abs/2017AJ....154..181V/abstract target=ref>Vogt et al. 2017</a>
HD 34445 g,5700.0 ± 1500.0,6.36 ± 1.02,0.38 ± 0.13,0.38 ± 0.13,120.6 ± 38.9,120.6 ± 38.9,13.6,Radial Velocity,<a refstr=VOGT_ET_AL__2017 href=https://ui.adsabs.harvard.edu/abs/2017AJ....154..181V/abstract target=ref>Vogt et al. 2017</a>
HD 34445 c,214.67 ± 0.45,0.7181 ± 0.0049,0.168 ± 0.016,0.168 ± 0.016,53.5 ± 5.0,53.5 ± 5.0,8.42,Radial Velocity,<a refstr=VOGT_ET_AL__2017 href=https://ui.adsabs.harvard.edu/abs/2017AJ....154..181V/abstract target=ref>Vogt et al. 2017</a>
HD 204313 b,2041.1154 +1.6809 -1.8667,3.185 +0.13 -0.143,4.615 +1.29 -0.306,4.46 ± 0.1,1466.7781 +409.9986 -97.2555,1417.5147 ± 31.7828,12.9,Radial Velocity,<a refstr=FENG_ET_AL__2022 href=https://ui.adsabs.harvard.edu/abs/2022ApJS..262...21F/abstract target=ref>Feng et al. 2022</a>
HD 204313 c,34.9588 +0.0105 -0.0116,0.211 +0.009 -0.01,0.054 ± 0.005,0.054 ± 0.005,17.1627 ± 1.5891,17.1627 ± 1.5891,4.31,Radial Velocity,<a refstr=FENG_ET_AL__2022 href=https://ui.adsabs.harvard.edu/abs/2022ApJS..262...21F/abstract target=ref>Feng et al. 2022</a>
HIP 14810 b,6.6739 ± 0.0,0.0696 ± 0.0044,3.9 ± 0.49,3.9 ± 0.49,1239.537 ± 155.7367,1239.537 ± 155.7367,13.0,Radial Velocity,<a refstr=MENT_ET_AL__2018 href=https://ui.adsabs.harvard.edu/abs/2018AJ....156..213M/abstract target=ref>Ment et al. 2018</a>
HIP 14810 c,147.747 ± 0.029,0.549 ± 0.034,1.31 ± 0.18,1.31 ± 0.18,416.3573 ± 57.2094,416.3573 ± 57.2094,13.6,Radial Velocity,<a refstr=MENT_ET_AL__2018 href=https://ui.adsabs.harvard.edu/abs/2018AJ....156..213M/abstract target=ref>Ment et al. 2018</a>
HIP 14810 d,981.8 ± 6.9,1.94 ± 0.13,0.59 ± 0.1,0.59 ± 0.1,187.5197 ± 31.783,187.5197 ± 31.783,14.1,Radial Velocity,<a refstr=MENT_ET_AL__2018 href=https://ui.adsabs.harvard.edu/abs/2018AJ....156..213M/abstract target=ref>Ment et al. 2018</a>
HD 11506 b,1617.7 ± 1.9,2.885 ± 0.016,4.88 +1.986 -0.333,4.8 ± 0.08,1551.0026 +631.2072 -105.8369,1525.5764 ± 25.4263,12.9,Radial Velocity,<a refstr=RUGGIERI_ET_AL__2024 href=https://ui.adsabs.harvard.edu/abs/2024A&A...689A.235R/abstract target=ref>Ruggieri et al. 2024</a>
HD 11506 c,223.92 ± 0.37,0.771 ± 0.004,0.4 ± 0.02,0.4 ± 0.02,127.1314 ± 6.3566,127.1314 ± 6.3566,14.0,Radial Velocity,<a refstr=RUGGIERI_ET_AL__2024 href=https://ui.adsabs.harvard.edu/abs/2024A&A...689A.235R/abstract target=ref>Ruggieri et al. 2024</a>
HD 133131 B b,5769.0 ± 831.0,6.15 ± 0.59,2.5 ± 0.05,2.5 ± 0.05,794.575 ± 15.8915,794.575 ± 15.8915,13.3,Radial Velocity,<a refstr=TESKE_ET_AL__2016 href=https://ui.adsabs.harvard.edu/abs/2016AJ....152..167T/abstract target=ref>Teske et al. 2016</a>
HD 133131 A b,649.0 ± 3.0,1.44 ± 0.005,1.42 ± 0.04,1.42 ± 0.04,451.3186 ± 12.7132,451.3186 ± 12.7132,13.6,Radial Velocity,<a refstr=TESKE_ET_AL__2016 href=https://ui.adsabs.harvard.edu/abs/2016AJ....152..167T/abstract target=ref>Teske et al. 2016</a>
HD 133131 A c,3568.0 ± 1084.0,4.49 ± 0.92,0.42 ± 0.15,0.42 ± 0.15,133.4886 ± 47.6745,133.4886 ± 47.6745,14.3,Radial Velocity,<a refstr=TESKE_ET_AL__2016 href=https://ui.adsabs.harvard.edu/abs/2016AJ....152..167T/abstract target=ref>Teske et al. 2016</a>
HD 191939 c,28.5797 ± 0.0,0.1752 +0.0055 -0.005,0.0252 ± 0.0031,0.0238 ± 0.0033,8.0 ± 1.0,7.55 ± 1.05,3.195 ± 0.075,Transit,<a refstr=ORELL_MIQUEL_ET_AL_2023 href=https://ui.adsabs.harvard.edu/abs/2023A&A...669A..40O/abstract target=ref>Orell-Miquel et al. 2023</a>
HD 191939 d,38.353 ± 0.0001,0.2132 +0.0065 -0.0061,0.0088 ± 0.0019,0.0088 ± 0.0035,2.8 ± 0.6,2.8 ± 1.11,2.995 ± 0.07,Transit,<a refstr=ORELL_MIQUEL_ET_AL_2023 href=https://ui.adsabs.harvard.edu/abs/2023A&A...669A..40O/abstract target=ref>Orell-Miquel et al. 2023</a>
HD 191939 e,101.12 ± 0.13,0.407 ± 0.012,0.353 ± 0.0126,0.353 ± 0.0126,112.2 ± 4.0,112.2 ± 4.0,13.0,Radial Velocity,<a refstr=ORELL_MIQUEL_ET_AL_2023 href=https://ui.adsabs.harvard.edu/abs/2023A&A...669A..40O/abstract target=ref>Orell-Miquel et al. 2023</a>
HD 191939 b,8.8803 ± 0.0,0.0804 +0.0025 -0.0023,0.0315 ± 0.0022,0.0304 ± 0.0022,10.0 ± 0.7,9.66 ± 0.7,3.41 ± 0.075,Transit,<a refstr=ORELL_MIQUEL_ET_AL_2023 href=https://ui.adsabs.harvard.edu/abs/2023A&A...669A..40O/abstract target=ref>Orell-Miquel et al. 2023</a>
HD 191939 f,2898.0 ± 152.0,3.71 ± 0.13,2.88 ± 0.26,2.88 ± 0.26,915.3458 ± 82.6354,915.3458 ± 82.6354,13.2,Radial Velocity,<a refstr=LUBIN_ET_AL__2024 href=https://ui.adsabs.harvard.edu/abs/2024AJ....168..196L/abstract target=ref>Lubin et al. 2024</a>
HD 191939 g,284.0 +10.0 -8.0,0.812 ± 0.028,0.0425 ± 0.0063,0.0425 ± 0.0063,13.5 ± 2.0,13.5 ± 2.0,3.74,Radial Velocity,<a refstr=ORELL_MIQUEL_ET_AL_2023 href=https://ui.adsabs.harvard.edu/abs/2023A&A...669A..40O/abstract target=ref>Orell-Miquel et al. 2023</a>
HD 125612 b,557.6999 +0.6813 -0.6934,1.349 +0.054 -0.059,2.974 +0.245 -0.258,2.974 +0.245 -0.258,945.2217 +77.868 -81.9997,945.2217 +77.868 -81.9997,13.2,Radial Velocity,<a refstr=FENG_ET_AL__2022 href=https://ui.adsabs.harvard.edu/abs/2022ApJS..262...21F/abstract target=ref>Feng et al. 2022</a>
HD 125612 d,2822.727 +15.026 -15.4172,3.982 +0.159 -0.174,7.178 +0.932 -0.445,7.28 ± 0.93,2281.3723 +296.2161 -141.4336,2313.8024 ± 295.5819,12.7,Radial Velocity,<a refstr=FENG_ET_AL__2022 href=https://ui.adsabs.harvard.edu/abs/2022ApJS..262...21F/abstract target=ref>Feng et al. 2022</a>
HD 125612 c,4.1547 ± 0.0004,0.051 ± 0.002,0.049 +0.008 -0.009,0.049 +0.008 -0.009,15.5736 +2.5426 -2.8605,15.5736 +2.5426 -2.8605,4.07,Radial Velocity,<a refstr=FENG_ET_AL__2022 href=https://ui.adsabs.harvard.edu/abs/2022ApJS..262...21F/abstract target=ref>Feng et al. 2022</a>
HD 108236 b,3.796 ± 0.0,0.0453 +0.001 -0.0009,0.0102,--,3.24,--,1.615 ± 0.051,Transit,<a refstr=BONFANTI_ET_AL__2021 href=https://ui.adsabs.harvard.edu/abs/2021A&A...646A.157B/abstract target=ref>Bonfanti et al. 2021</a>
TOI-1233.01,14.1757 ± 0.0001,0.1074 ± 0.0023,0.022,--,6.98,--,2.539 +0.062 -0.065,Transit,<a refstr=BONFANTI_ET_AL__2021 href=https://ui.adsabs.harvard.edu/abs/2021A&A...646A.157B/abstract target=ref>Bonfanti et al. 2021</a>
HD 108236 f,29.5411 +0.0003 -0.0004,0.1758 +0.0041 -0.0038,0.0149,--,4.72,--,2.017 +0.052 -0.057,Transit,<a refstr=BONFANTI_ET_AL__2021 href=https://ui.adsabs.harvard.edu/abs/2021A&A...646A.157B/abstract target=ref>Bonfanti et al. 2021</a>
HD 108236 c,6.2034 ± 0.0,0.062 ± 0.0012,0.0155,--,4.94,--,2.071 ± 0.052,Transit,<a refstr=BONFANTI_ET_AL__2021 href=https://ui.adsabs.harvard.edu/abs/2021A&A...646A.157B/abstract target=ref>Bonfanti et al. 2021</a>
HD 108236 e,19.59 ± 0.0001,0.1367 +0.0022 -0.002,0.0306,--,9.71,--,3.083 ± 0.052,Transit,<a refstr=BONFANTI_ET_AL__2021 href=https://ui.adsabs.harvard.edu/abs/2021A&A...646A.157B/abstract target=ref>Bonfanti et al. 2021</a>
TOI-1203 c,13.0766 +0.0079 -0.0072,--,0.0172 ± 0.0016,0.0172 ± 0.0016,5.46 +0.51 -0.5,5.46 +0.51 -0.5,2.2,Radial Velocity,<a refstr=GANDOLFI_ET_AL__2025 href=https://ui.adsabs.harvard.edu/abs/2025arXiv250910136G/abstract target=ref>Gandolfi et al. 2025</a>
TOI-1203 b,4.1573 ± 0.0,0.0487 ± 0.0009,0.011 ± 0.001,--,3.51 +0.33 -0.32,--,1.52 +0.045 -0.046,Radial Velocity,<a refstr=GANDOLFI_ET_AL__2025 href=https://ui.adsabs.harvard.edu/abs/2025arXiv250910136G/abstract target=ref>Gandolfi et al. 2025</a>
TOI-1203.01,25.5027 ± 0.0,0.1632 +0.0031 -0.0032,0.0233 ± 0.002,--,7.39 ± 0.62,--,2.918 +0.046 -0.045,Transit,<a refstr=GANDOLFI_ET_AL__2025 href=https://ui.adsabs.harvard.edu/abs/2025arXiv250910136G/abstract target=ref>Gandolfi et al. 2025</a>
TOI-1203 e,204.59 +0.67 -0.63,--,0.1325 +0.0058 -0.0056,0.1325 +0.0058 -0.0056,42.1 +1.83 -1.78,42.1 +1.83 -1.78,7.31,Radial Velocity,<a refstr=GANDOLFI_ET_AL__2025 href=https://ui.adsabs.harvard.edu/abs/2025arXiv250910136G/abstract target=ref>Gandolfi et al. 2025</a>
TOI-561 b,0.4466 ± 0.0,0.0106 ± 0.0002,0.0064 ± 0.0007,--,2.02 ± 0.23,--,1.397 ± 0.027,Transit,<a refstr=PIOTTO_ET_AL__2024 href=https://ui.adsabs.harvard.edu/abs/2024MNRAS.535.2763P/abstract target=ref>Piotto et al. 2024</a>
TOI-561 e,77.144 ± 0.0003,0.33 ± 0.005,0.039 ± 0.0044,--,12.4 ± 1.4,--,2.517 ± 0.045,Transit,<a refstr=PIOTTO_ET_AL__2024 href=https://ui.adsabs.harvard.edu/abs/2024MNRAS.535.2763P/abstract target=ref>Piotto et al. 2024</a>
TOI-561 d,25.7127 ± 0.0001,0.1587 ± 0.0024,0.0419 ± 0.0031,--,13.33 ± 0.98,--,2.615 ± 0.059,Transit,<a refstr=PIOTTO_ET_AL__2024 href=https://ui.adsabs.harvard.edu/abs/2024MNRAS.535.2763P/abstract target=ref>Piotto et al. 2024</a>
TOI-561 c,10.7788 ± 0.0,0.0889 ± 0.0013,0.0187 ± 0.0021,--,5.93 ± 0.67,--,2.865 ± 0.041,Transit,<a refstr=PIOTTO_ET_AL__2024 href=https://ui.adsabs.harvard.edu/abs/2024MNRAS.535.2763P/abstract target=ref>Piotto et al. 2024</a>
HD 224018 c,36.5767 ± 0.0002,0.217 ± 0.005,0.0327 +0.0041 -0.0035,--,10.4 +1.3 -1.1,--,2.42 +0.07 -0.08,Transit,<a refstr=DAMASSO_ET_AL_2025 href=https://ui.adsabs.harvard.edu/abs/2025A&A...702A.118D/abstract target=ref>Damasso et al. 2025</a>
HD 224018 b,10.6413 ± 0.0028,0.0952 ± 0.002,0.0129 ± 0.0025,--,4.1 ± 0.8,--,0.91 +0.64 -0.57,Radial Velocity,<a refstr=DAMASSO_ET_AL_2025 href=https://ui.adsabs.harvard.edu/abs/2025A&A...702A.118D/abstract target=ref>Damasso et al. 2025</a>
HD 224018 d,138.0731 +27.6127 -0.005,0.53 +0.06 -0.02,0.0132 +0.0057 -0.005,--,4.2 +1.8 -1.6,--,2.4 ± 0.1,Transit,<a refstr=DAMASSO_ET_AL_2025 href=https://ui.adsabs.harvard.edu/abs/2025A&A...702A.118D/abstract target=ref>Damasso et al. 2025</a>
TOI-451 c,9.1925 ± 0.0,0.0795 ± 0.005,0.0116 +0.0101 -0.0076,--,3.7 +3.2 -2.4,--,2.93 ± 0.16,Transit,<a refstr=BARRAGAN_ET_AL_2026 href=https://ui.adsabs.harvard.edu/abs/2026MNRAS.546ag087B/abstract target=ref>Barrag&aacute;n et al. 2026</a>
TOI-451 b,1.8587 ± 0.0,0.0274 ± 0.0017,0.0148 +0.0066 -0.0069,--,4.7 +2.1 -2.2,--,1.84 ± 0.11,Transit,<a refstr=BARRAGAN_ET_AL_2026 href=https://ui.adsabs.harvard.edu/abs/2026MNRAS.546ag087B/abstract target=ref>Barrag&aacute;n et al. 2026</a>
TOI-451 d,16.365 ± 0.0,0.1168 +0.0072 -0.0074,0.0321 +0.0145 -0.0142,--,10.2 +4.6 -4.5,--,3.93 ± 0.2,Transit,<a refstr=BARRAGAN_ET_AL_2026 href=https://ui.adsabs.harvard.edu/abs/2026MNRAS.546ag087B/abstract target=ref>Barrag&aacute;n et al. 2026</a>
XO-2 S c,120.059 ± 0.013,0.4737 +0.0085 -0.0088,1.38 ± 0.05,1.38 ± 0.05,438.6032 ± 15.8914,438.6032 ± 15.8914,13.6,Radial Velocity,<a refstr=RUGGIERI_ET_AL_2024 href=https://ui.adsabs.harvard.edu/abs/2024A&A...684A.116R/abstract target=ref>Ruggieri et al. 2024</a>
XO-2 S d,4696.0 +1133.0 -489.0,5.46 +0.85 -0.4,3.71 +1.2 -0.51,3.71 +1.2 -0.51,1179.1434 +381.3941 -162.0925,1179.1434 +381.3941 -162.0925,13.0,Radial Velocity,<a refstr=RUGGIERI_ET_AL_2024 href=https://ui.adsabs.harvard.edu/abs/2024A&A...684A.116R/abstract target=ref>Ruggieri et al. 2024</a>
XO-2 S b,18.22 ± 0.001,0.1347 ± 0.0025,0.26 ± 0.01,0.26 ± 0.01,82.6354 ± 3.1783,82.6354 ± 3.1783,10.9,Radial Velocity,<a refstr=RUGGIERI_ET_AL_2024 href=https://ui.adsabs.harvard.edu/abs/2024A&A...684A.116R/abstract target=ref>Ruggieri et al. 2024</a>
XO-2 N b,2.6159 ± 0.0,0.0367 ± 0.0006,0.629 ± 0.017,0.594 ± 0.022,199.9151 ± 5.4031,188.7901 ± 6.9922,11.1305 ± 0.1345,Transit,<a refstr=RUGGIERI_ET_AL_2024 href=https://ui.adsabs.harvard.edu/abs/2024A&A...684A.116R/abstract target=ref>Ruggieri et al. 2024</a>
K2-32 e,4.3493 ± 0.0004,0.049 ± 0.0004,0.0066 +0.0041 -0.0035,--,2.1 +1.3 -1.1,--,1.212 +0.052 -0.046,Transit,<a refstr=LILLO_BOX_ET_AL__2020 href=https://ui.adsabs.harvard.edu/abs/2020A&A...640A..48L/abstract target=ref>Lillo-Box et al. 2020</a>
K2-32 d,31.717 ± 0.001,0.1842 +0.0015 -0.0014,0.0211 ± 0.0079,--,6.7 ± 2.5,--,3.484 +0.112 -0.129,Transit,<a refstr=LILLO_BOX_ET_AL__2020 href=https://ui.adsabs.harvard.edu/abs/2020A&A...640A..48L/abstract target=ref>Lillo-Box et al. 2020</a>
K2-32 c,20.6609 ± 0.0008,0.1384 ± 0.0011,0.0255 ± 0.0076,--,8.1 ± 2.4,--,3.134 +0.123 -0.102,Transit,<a refstr=LILLO_BOX_ET_AL__2020 href=https://ui.adsabs.harvard.edu/abs/2020A&A...640A..48L/abstract target=ref>Lillo-Box et al. 2020</a>
K2-32 b,8.992 ± 0.0001,0.0795 +0.0007 -0.0006,0.0472 +0.0057 -0.0053,--,15.0 +1.8 -1.7,--,5.299 ± 0.191,Transit,<a refstr=LILLO_BOX_ET_AL__2020 href=https://ui.adsabs.harvard.edu/abs/2020A&A...640A..48L/abstract target=ref>Lillo-Box et al. 2020</a>
CoRoT-7 c,3.698 ± 0.003,0.046,0.0264 ± 0.0028,--,8.4 ± 0.9,--,2.83,Radial Velocity,<a refstr=QUELOZ_ET_AL__2009 href=https://ui.adsabs.harvard.edu/abs/2009A&A...506..303Q/abstract target=ref> Queloz et al. 2009 </a>
CoRoT-7 d,8.966 ± 1.546,--,0.0539 ± 0.008,--,17.142 ± 2.552,--,4.31,Radial Velocity,<a refstr=JOHN_ET_AL_2022 href=https://ui.adsabs.harvard.edu/abs/2022MNRAS.515.3975J/abstract target=ref>John et al. 2022</a>
CoRoT-7 b,0.8536 ± 0.0,0.017 +0.0002 -0.0,0.0128 ± 0.0032,--,4.0766 ± 1.0198,--,1.6813 ± 0.1121,Transit,<a refstr=STASSUN_ET_AL__2017 href=https://ui.adsabs.harvard.edu/abs/2017AJ....153..136S/abstract target=ref>Stassun et al. 2017</a>
TOI-1117 b,2.2282 ± 0.0,0.033 ± 0.0002,0.028 ± 0.003,--,8.9 +0.95 -0.96,--,2.46 +0.13 -0.12,Transit,<a refstr=LOCKLEY_ET_AL_2025 href=https://ui.adsabs.harvard.edu/abs/2025MNRAS.541..919L/abstract target=ref>Lockley et al. 2025</a>
TOI-1117 d,8.665 ± 0.011,0.0817 ± 0.0006,0.0337 ± 0.005,0.0337 ± 0.005,10.71 +1.59 -1.58,10.71 +1.59 -1.58,3.27,Radial Velocity,<a refstr=LOCKLEY_ET_AL_2025 href=https://ui.adsabs.harvard.edu/abs/2025MNRAS.541..919L/abstract target=ref>Lockley et al. 2025</a>
TOI-1117 c,4.579 ± 0.004,0.0534 ± 0.0003,0.0276 +0.0037 -0.0038,0.0276 +0.0037 -0.0038,8.78 +1.19 -1.21,8.78 +1.19 -1.21,2.91,Radial Velocity,<a refstr=LOCKLEY_ET_AL_2025 href=https://ui.adsabs.harvard.edu/abs/2025MNRAS.541..919L/abstract target=ref>Lockley et al. 2025</a>
K2-37 d,14.0923 ± 0.0006,0.1102 ± 0.0016,0.0393 +0.0195 -0.0192,--,12.5 +6.2 -6.1,--,2.31 +0.21 -0.07,Transit,<a refstr=HOWARD_ET_AL__2025 href=https://ui.adsabs.harvard.edu/abs/2025ApJS..278...52H/abstract target=ref>Howard et al. 2025</a>
K2-37 b,4.4434 ± 0.0003,0.051 ± 0.0008,0.0079,--,2.51,--,1.39 +0.1 -0.05,Transit,<a refstr=HOWARD_ET_AL__2025 href=https://ui.adsabs.harvard.edu/abs/2025ApJS..278...52H/abstract target=ref>Howard et al. 2025</a>
K2-37 c,6.4297 ± 0.0002,0.0653 ± 0.001,0.0201,--,6.39,--,2.41 +0.15 -0.06,Transit,<a refstr=HOWARD_ET_AL__2025 href=https://ui.adsabs.harvard.edu/abs/2025ApJS..278...52H/abstract target=ref>Howard et al. 2025</a>
K2-138 b,2.3531 ± 0.0002,0.0338 +0.0002 -0.0003,0.0098 ± 0.0033,--,3.1 ± 1.05,--,1.51 +0.11 -0.084,Transit,<a refstr=LOPEZ_ET_AL__2019 href=https://ui.adsabs.harvard.edu/abs/2019A&A...631A..90L/abstract target=ref>Lopez et al. 2019</a>
K2-138 c,3.56 ± 0.0001,0.0446 +0.0003 -0.0004,0.0199 +0.0036 -0.0039,--,6.31 +1.13 -1.23,--,2.299 +0.12 -0.087,Transit,<a refstr=LOPEZ_ET_AL__2019 href=https://ui.adsabs.harvard.edu/abs/2019A&A...631A..90L/abstract target=ref>Lopez et al. 2019</a>
K2-138 d,5.4048 ± 0.0002,0.0589 +0.0004 -0.0005,0.0249 +0.0044 -0.0042,--,7.92 +1.39 -1.35,--,2.39 +0.104 -0.084,Transit,<a refstr=LOPEZ_ET_AL__2019 href=https://ui.adsabs.harvard.edu/abs/2019A&A...631A..90L/abstract target=ref>Lopez et al. 2019</a>
K2-138 e,8.2615 ± 0.0002,0.0782 +0.0005 -0.0007,0.0408 +0.0062 -0.0063,--,12.97 +1.98 -1.99,--,3.39 +0.156 -0.11,Transit,<a refstr=LOPEZ_ET_AL__2019 href=https://ui.adsabs.harvard.edu/abs/2019A&A...631A..90L/abstract target=ref>Lopez et al. 2019</a>
K2-138 g,41.968 +0.0084 -0.0073,0.2311 +0.0015 -0.002,0.0136 +0.0165 -0.0095,--,4.32 +5.26 -3.03,--,3.013 +0.303 -0.251,Transit,<a refstr=LOPEZ_ET_AL__2019 href=https://ui.adsabs.harvard.edu/abs/2019A&A...631A..90L/abstract target=ref>Lopez et al. 2019</a>
K2-138 f,12.7576 ± 0.0005,0.1045 +0.0007 -0.0009,0.0051 +0.0067 -0.0037,--,1.63 +2.12 -1.18,--,2.904 +0.164 -0.111,Transit,<a refstr=LOPEZ_ET_AL__2019 href=https://ui.adsabs.harvard.edu/abs/2019A&A...631A..90L/abstract target=ref>Lopez et al. 2019</a>
TOI-7510 b,11.5309,0.1019 ± 0.002,0.0571 ± 0.0052,--,18.1 ± 1.7,--,7.31 ± 0.23,Transit,<a refstr=ALMENARA_ET_AL_2025 href=https://ui.adsabs.harvard.edu/abs/2025A&A...704L..16A/abstract target=ref>Almenara et al. 2025</a>
TOI-7510 c,22.5687,0.1595 ± 0.0032,0.412 ± 0.036,--,131.0 ± 11.0,--,10.81 ± 0.32,Transit,<a refstr=ALMENARA_ET_AL_2025 href=https://ui.adsabs.harvard.edu/abs/2025A&A...704L..16A/abstract target=ref>Almenara et al. 2025</a>
TOI-7510 d,48.8645,0.2672 ± 0.0053,0.597 ± 0.064,--,190.0 ± 20.0,--,10.52 ± 0.32,Transit,<a refstr=ALMENARA_ET_AL_2025 href=https://ui.adsabs.harvard.edu/abs/2025A&A...704L..16A/abstract target=ref>Almenara et al. 2025</a>
WASP-47 c,589.57 ± 0.02,1.393 ± 0.014,1.4064 +0.0566 -0.0692,1.2551 ± 0.0286,447.0 +18.0 -22.0,398.9 ± 9.1,--,Radial Velocity,<a refstr=NASCIMBENI_ET_AL__2023 href=https://ui.adsabs.harvard.edu/abs/2023A&A...673A..42N/abstract target=ref>Nascimbeni et al. 2023</a>
WASP-47 b,4.1592 ± 0.0,0.052 ± 0.0006,1.1767 +0.0535 -0.0503,--,374.0 +17.0 -16.0,--,12.86 ± 0.1,Transit,<a refstr=NASCIMBENI_ET_AL__2023 href=https://ui.adsabs.harvard.edu/abs/2023A&A...673A..42N/abstract target=ref>Nascimbeni et al. 2023</a>
WASP-47 d,9.0305 ± 0.0,0.085 ± 0.0027,0.0488 +0.0022 -0.0028,--,15.5 +0.7 -0.9,--,3.65 ± 0.03,Transit,<a refstr=NASCIMBENI_ET_AL__2023 href=https://ui.adsabs.harvard.edu/abs/2023A&A...673A..42N/abstract target=ref>Nascimbeni et al. 2023</a>
WASP-47 e,0.7896 ± 0.0,0.0167 ± 0.0005,0.0283 +0.0019 -0.0013,--,9.0 +0.6 -0.4,--,1.83 ± 0.02,Transit,<a refstr=NASCIMBENI_ET_AL__2023 href=https://ui.adsabs.harvard.edu/abs/2023A&A...673A..42N/abstract target=ref>Nascimbeni et al. 2023</a>
K2-19 c,11.906 +0.0012 -0.0018,0.0982 ± 0.0012,0.0346 +0.0016 -0.0013,--,11.0 +0.5 -0.4,--,4.1 ± 0.2,Transit,<a refstr=ENTRICAN_ET_AL_2026 href=https://ui.adsabs.harvard.edu/abs/2026AJ....171...46E/abstract target=ref>Entrican et al. 2026</a>
K2-19 d,2.5083 +0.0003 -0.0001,0.0348 ± 0.0004,0.0195,--,6.2,--,1.044 ± 0.064,Transit,<a refstr=ALMENARA_ET_AL_2025 href=https://ui.adsabs.harvard.edu/abs/2025A&A...703A.167A/abstract target=ref>Almenara et al. 2025</a>
K2-19 b,7.9193 +0.0003 -0.0002,0.0749 ± 0.0009,0.0969 +0.0079 -0.0028,--,30.8 +2.5 -0.9,--,7.0 ± 0.2,Transit,<a refstr=ENTRICAN_ET_AL_2026 href=https://ui.adsabs.harvard.edu/abs/2026AJ....171...46E/abstract target=ref>Entrican et al. 2026</a>
K2-157 b,0.3653 ± 0.0,0.0096 ± 0.0001,0.0036 ± 0.0013,--,1.14 +0.41 -0.42,--,0.935 ± 0.09,Transit,<a refstr=CASTRO_GONZALEZ_ET_AL_2025 href=https://ui.adsabs.harvard.edu/abs/2025A&A...699A.344C/abstract target=ref>Castro-Gonz&aacute;lez et al. 2025</a>
K2-157 d,66.5 +0.71 -0.59,0.309 ± 0.0038,0.0732 ± 0.0077,0.0732 ± 0.0077,23.3 ± 2.5,23.3 ± 2.5,5.16,Radial Velocity,<a refstr=CASTRO_GONZALEZ_ET_AL_2025 href=https://ui.adsabs.harvard.edu/abs/2025A&A...699A.344C/abstract target=ref>Castro-Gonz&aacute;lez et al. 2025</a>
K2-157 c,25.942 +0.045 -0.044,0.165 ± 0.0018,0.0967 ± 0.006,0.0967 ± 0.006,30.8 ± 1.9,30.8 ± 1.9,6.08,Radial Velocity,<a refstr=CASTRO_GONZALEZ_ET_AL_2025 href=https://ui.adsabs.harvard.edu/abs/2025A&A...699A.344C/abstract target=ref>Castro-Gonz&aacute;lez et al. 2025</a>
EPIC 249893012 b,3.5951 ± 0.0003,0.047 +0.005 -0.007,0.0275 ± 0.0034,--,8.75 +1.09 -1.08,--,1.95 +0.09 -0.08,Transit,<a refstr=HIDALGO_ET_AL__2020 href=https://ui.adsabs.harvard.edu/abs/2020A&A...636A..89H/abstract target=ref>Hidalgo et al. 2020</a>
EPIC 249893012 d,35.747 ± 0.005,0.22 +0.02 -0.04,0.032 +0.0077 -0.0076,--,10.18 +2.46 -2.42,--,3.94 +0.13 -0.12,Transit,<a refstr=HIDALGO_ET_AL__2020 href=https://ui.adsabs.harvard.edu/abs/2020A&A...636A..89H/abstract target=ref>Hidalgo et al. 2020</a>
EPIC 249893012 c,15.624 ± 0.001,0.13 +0.01 -0.02,0.0462 +0.0058 -0.0059,--,14.67 +1.84 -1.89,--,3.67 +0.17 -0.14,Transit,<a refstr=HIDALGO_ET_AL__2020 href=https://ui.adsabs.harvard.edu/abs/2020A&A...636A..89H/abstract target=ref>Hidalgo et al. 2020</a>
Kepler-88 d,1403.0 ± 14.0,2.4663,3.0505 ± 0.16,3.05 ± 0.16,965.147 ± 44.0067,965.0 ± 44.0,13.1,Radial Velocity,<a refstr=WEISS_ET_AL__2020 href=https://ui.adsabs.harvard.edu/abs/2020AJ....159..242W/abstract target=ref>Weiss et al. 2020</a>
KOI-142 b,10.9165 ± 0.0001,0.0959 ± 0.0008,0.03 ± 0.0036,0.0357 ± 0.0161,9.5 ± 1.1,11.3568 ± 5.1016,3.438 ± 0.075,Transit,<a refstr=WEISS_ET_AL__2020 href=https://ui.adsabs.harvard.edu/abs/2020AJ....159..242W/abstract target=ref>Weiss et al. 2020</a>
KOI-142 c,22.2649 ± 0.0007,0.1541,0.674 ± 0.016,0.6535 ± 0.0235,214.1 ± 5.2,207.7142 ± 7.4835,14.0,Transit Timing Variations,<a refstr=WEISS_ET_AL__2020 href=https://ui.adsabs.harvard.edu/abs/2020AJ....159..242W/abstract target=ref>Weiss et al. 2020</a>
Kepler-129 c,82.2,0.39,0.1353 +0.0409 -0.0378,0.0796 ± 0.0294,43.0 +13.0 -12.0,25.3137 ± 9.3419,2.52 ± 0.07,Transit,<a refstr=ZHANG_ET_AL__2021 href=https://ui.adsabs.harvard.edu/abs/2021AJ....162...89Z/abstract target=ref>Zhang et al. 2021</a>
Kepler-129 d,2646.0 +140.0 -94.0,4.0 ± 0.1,8.3 +1.1 -0.7,8.3 +1.1 -0.7,2637.9758 +349.6112 -222.4799,2637.9758 +349.6112 -222.4799,12.6,Radial Velocity,<a refstr=ZHANG_ET_AL__2021 href=https://ui.adsabs.harvard.edu/abs/2021AJ....162...89Z/abstract target=ref>Zhang et al. 2021</a>
Kepler-129 b,15.79,0.13,0.0629,0.0629,20.0,20.0,2.4 ± 0.04,Transit,<a refstr=ZHANG_ET_AL__2021 href=https://ui.adsabs.harvard.edu/abs/2021AJ....162...89Z/abstract target=ref>Zhang et al. 2021</a>
