Planeta,Zonas Estables,Zonas Inestables,Zonas Colisión m2,Área Estable (km²),Área Inestable (km²),Área Colisión m2 (km²)
14 Her b,493,9503,4,1420000000000000.0,2.74e+16,11500000000000.0
24 Sex b,769,9230,1,489000000000000.0,5870000000000000.0,636000000000.0
24 Sex c,539,9455,6,835000000000000.0,1.46e+16,9300000000000.0
7 CMa b,795,9204,1,880000000000000.0,1.02e+16,1110000000000.0
7 CMa c,579,9415,6,961000000000000.0,1.56e+16,9960000000000.0
BD+20 2457 c,994,9002,4,1440000000000000.0,1.3e+16,5790000000000.0
BD-06 1339 b,844,9153,3,554000000000.0,6000000000000.0,1970000000.0
BD-06 1339 c,353,9637,10,23900000000000.0,653000000000000.0,678000000000.0
BD-08 2823 b,694,9300,5,895000000000.0,12000000000000.0,6450000000.0
BD-08 2823 c,583,9411,6,96500000000000.0,1560000000000000.0,993000000000.0
BD-11 4672 b,705,9294,1,1410000000000000.0,1.85e+16,1990000000000.0
BD-11 4672 c,199,9791,10,6410000000000.0,316000000000000.0,322000000000.0
BD-210397 b,701,9298,1,1740000000000000.0,2.3e+16,2480000000000.0
BD-210397 c,901,9097,2,1.12e+16,1.13e+17,24900000000000.0
CoRoT-24 b,103,9874,23,116000000000.0,11100000000000.0,25800000000.0
CoRoT-24 c,226,9761,13,777000000000.0,33600000000000.0,44700000000.0
EPIC 212737443 b,130,9856,14,447000000000.0,33900000000000.0,48100000000.0
EPIC 212737443 c,136,9845,19,3820000000000.0,276000000000000.0,533000000000.0
GJ 1137 c,102,9874,24,255000000000.0,24700000000000.0,59900000000.0
GJ 143 b,226,9761,13,2970000000000.0,128000000000000.0,171000000000.0
GJ 414 A b,137,9846,17,2650000000000.0,190000000000000.0,329000000000.0
GJ 414 A c,370,9623,7,260000000000000.0,6750000000000000.0,4910000000000.0
GJ 9827 b,108,9875,17,13800000000.0,1260000000000.0,2170000000.0
GJ 9827 c,87,9891,22,48600000000.0,5530000000000.0,12300000000.0
GJ 9827 d,97,9886,17,97600000000.0,9940000000000.0,17100000000.0
HAT-P-11 b,226,9762,12,224000000000.0,9660000000000.0,11900000000.0
HAT-P-11 c,934,9062,4,5620000000000000.0,5.45e+16,24100000000000.0
HAT-P-17 b,573,9419,8,1630000000000.0,26800000000000.0,22800000000.0
HAT-P-17 c,924,9070,6,1.04e+16,1.02e+17,67400000000000.0
HD 101581 b,76,9897,27,57600000000.0,7500000000000.0,20500000000.0
HD 101581 c,76,9904,20,89400000000.0,11600000000000.0,23500000000.0
HD 102329 b,898,9101,1,1050000000000000.0,1.07e+16,1170000000000.0
HD 104067 b,353,9637,10,9040000000000.0,247000000000000.0,256000000000.0
HD 104067 c,165,9822,13,661000000000.0,39400000000000.0,52100000000.0
HD 110067 b,109,9877,14,245000000000.0,22200000000000.0,31500000000.0
HD 110067 c,113,9868,19,437000000000.0,38100000000000.0,73400000000.0
HD 110067 d,132,9852,16,877000000000.0,65400000000000.0,106000000000.0
HD 110067 e,97,9884,19,1110000000000.0,113000000000000.0,217000000000.0
HD 110067 f,104,9875,21,1740000000000.0,165000000000000.0,352000000000.0
HD 110067 g,131,9854,15,3220000000000.0,242000000000000.0,369000000000.0
HD 11343 c,454,9536,10,138000000000000.0,2910000000000000.0,3050000000000.0
HD 113538 b,569,9424,7,313000000000000.0,5190000000000000.0,3850000000000.0
HD 113538 c,822,9177,1,1750000000000000.0,1.96e+16,2130000000000.0
HD 114386 b,855,9144,1,916000000000000.0,9800000000000000.0,1070000000000.0
HD 114386 c,494,9501,5,195000000000000.0,3750000000000000.0,1970000000000.0
HD 114783 b,781,9218,1,376000000000000.0,4440000000000000.0,482000000000.0
HD 114783 c,890,9109,1,7970000000000000.0,8.15e+16,8950000000000.0
HD 115404 A b,246,9739,15,682000000000.0,27000000000000.0,41600000000.0
HD 115404 A c,826,9166,8,3.82e+16,4.24e+17,370000000000000.0
HD 116029 b,843,9156,1,822000000000000.0,8930000000000000.0,975000000000.0
HD 118203 b,834,9165,1,1520000000000.0,16700000000000.0,1820000000.0
HD 118203 c,535,9460,5,7560000000000000.0,1.34e+17,70600000000000.0
HD 12661 b,867,9130,3,219000000000000.0,2310000000000000.0,758000000000.0
HD 12661 c,901,9098,1,2560000000000000.0,2.58e+16,2840000000000.0
HD 128311 b,891,9107,2,375000000000000.0,3830000000000000.0,842000000000.0
HD 128311 c,947,9050,3,1030000000000000.0,9810000000000000.0,3250000000000.0
HD 13808 b,154,9832,14,610000000000.0,39000000000000.0,55500000000.0
HD 13808 c,145,9840,15,3390000000000.0,230000000000000.0,350000000000.0
HD 141399 b,469,9521,10,28900000000000.0,587000000000000.0,617000000000.0
HD 141399 c,756,9242,2,129000000000000.0,1570000000000000.0,340000000000.0
HD 141399 d,737,9260,3,1150000000000000.0,1.45e+16,4690000000000.0
HD 141399 e,566,9426,8,5070000000000000.0,8.44e+16,71600000000000.0
HD 145675 c,975,9021,4,1.4e+17,1.29e+18,573000000000000.0
HD 15337 b,113,9868,19,111000000000.0,9720000000000.0,18700000000.0
HD 15337 c,115,9870,15,628000000000.0,53900000000000.0,81900000000.0
HD 153557 b,206,9786,8,341000000000.0,16200000000000.0,13200000000.0
HD 153557 c,191,9794,15,843000000000.0,43200000000000.0,66200000000.0
HD 156668 b,99,9884,17,88600000000.0,8850000000000.0,15200000000.0
HD 156668 c,259,9730,11,229000000000000.0,8590000000000000.0,9710000000000.0
HD 15906 b,109,9877,14,316000000000.0,28600000000000.0,40600000000.0
HD 15906 c,136,9843,21,968000000000.0,70100000000000.0,149000000000.0
HD 1605 b,604,9390,6,481000000000000.0,7480000000000000.0,4780000000000.0
HD 1605 c,923,9076,1,4250000000000000.0,4.17e+16,4600000000000.0
HD 164604 b,630,9359,11,418000000000000.0,6220000000000000.0,7310000000000.0
HD 164604 c,835,9158,7,9230000000000000.0,1.01e+17,77400000000000.0
HD 176986 b,994,9003,3,1410000000000.0,12800000000000.0,4260000000.0
HD 176986 c,950,9048,2,4800000000000.0,45700000000000.0,10100000000.0
HD 176986 d,118,9867,15,3350000000000.0,280000000000000.0,426000000000.0
HD 177830 b,698,9301,1,325000000000000.0,4330000000000000.0,465000000000.0
HD 177830 c,216,9777,7,20400000000000.0,924000000000000.0,661000000000.0
HD 18143 b,142,9846,12,394000000000.0,27300000000000.0,33300000000.0
HD 18143 c,861,9136,3,9.47e+16,1.01e+18,330000000000000.0
HD 181433 b,719,9278,3,1770000000000.0,22800000000000.0,7360000000.0
HD 181433 c,977,9020,3,1240000000000000.0,1.15e+16,3820000000000.0
HD 181433 d,925,9073,2,1.5e+16,1.48e+17,32500000000000.0
HD 184010 b,345,9647,8,109000000000000.0,3050000000000000.0,2530000000000.0
HD 184010 c,340,9648,12,217000000000000.0,6150000000000000.0,7650000000000.0
HD 184010 d,419,9575,6,553000000000000.0,1.26e+16,7920000000000.0
HD 192310 b,186,9800,14,6820000000000.0,359000000000000.0,513000000000.0
HD 192310 c,224,9768,8,112000000000000.0,4870000000000000.0,3990000000000.0
HD 202696 b,719,9278,3,631000000000000.0,8150000000000000.0,2630000000000.0
HD 202696 c,697,9301,2,1370000000000000.0,1.83e+16,3930000000000.0
HD 20781 b,84,9890,26,84200000000.0,9910000000000.0,26100000000.0
HD 20781 c,112,9872,16,404000000000.0,35600000000000.0,57800000000.0
HD 20781 d,159,9824,17,1540000000000.0,95400000000000.0,165000000000.0
HD 20781 e,185,9802,13,7540000000000.0,400000000000000.0,530000000000.0
HD 215152 b,902,9097,1,1070000000000.0,10800000000000.0,1190000000.0
HD 215152 c,870,9130,0,1410000000000.0,14800000000000.0,0.0
HD 215152 d,912,9086,2,2530000000000.0,25200000000000.0,5540000000.0
HD 215152 e,930,9070,0,7920000000000.0,77200000000000.0,0.0
HD 215497 b,961,9032,7,860000000000.0,8090000000000.0,6270000000.0
HD 215497 c,522,9473,5,321000000000000.0,5820000000000000.0,3070000000000.0
HD 216520 b,142,9844,14,1990000000000.0,138000000000000.0,197000000000.0
HD 216520 c,137,9844,19,13700000000000.0,983000000000000.0,1900000000000.0
HD 21749 c,98,9886,16,170000000000.0,17100000000000.0,27700000000.0
HD 219134 b,102,9877,21,54900000000.0,5310000000000.0,11300000000.0
HD 219134 c,100,9881,19,153000000000.0,15100000000000.0,29000000000.0
HD 219134 d,185,9802,13,3720000000000.0,197000000000000.0,261000000000.0
HD 219134 f,120,9861,19,920000000000.0,75600000000000.0,146000000000.0
HD 219134 g,148,9835,17,7460000000000.0,496000000000000.0,857000000000.0
HD 219134 h,469,9521,10,1620000000000000.0,3.3e+16,34600000000000.0
HD 23472 b,142,9844,14,687000000000.0,47600000000000.0,67700000000.0
HD 23472 c,98,9885,17,951000000000.0,95900000000000.0,165000000000.0
HD 23472 d,68,9911,21,45000000000.0,6560000000000.0,13900000000.0
HD 23472 e,74,9900,26,123000000000.0,16400000000000.0,43100000000.0
HD 23472 f,75,9897,28,220000000000.0,29100000000000.0,82300000000.0
HD 27894 b,625,9370,5,3500000000000.0,52400000000000.0,28000000000.0
HD 27894 c,327,9661,12,4590000000000.0,136000000000000.0,168000000000.0
HD 27894 d,990,9006,4,1.02e+16,9.27e+16,41200000000000.0
HD 3167 b,102,9878,20,11800000000.0,1140000000000.0,2310000000.0
HD 3167 c,148,9835,17,1670000000000.0,111000000000000.0,192000000000.0
HD 3167 d,99,9883,18,206000000000.0,20600000000000.0,37500000000.0
HD 3167 e,125,9862,13,6760000000000.0,533000000000000.0,703000000000.0
HD 33142 b,648,9349,3,268000000000000.0,3860000000000000.0,1240000000000.0
HD 33142 c,549,9443,8,751000000000000.0,1.29e+16,10900000000000.0
HD 33142 d,260,9727,13,19000000000000.0,712000000000000.0,951000000000.0
HD 33844 b,728,9270,2,667000000000000.0,8500000000000000.0,1830000000000.0
HD 33844 c,697,9303,0,1250000000000000.0,1.67e+16,0.0
HD 37605 b,914,9084,2,25100000000000.0,250000000000000.0,55000000000.0
HD 37605 c,942,9053,5,4720000000000000.0,4.53e+16,25000000000000.0
HD 39194 b,100,9881,19,124000000000.0,12300000000000.0,23600000000.0
HD 39194 c,118,9865,17,496000000000.0,41400000000000.0,71400000000.0
HD 39194 d,102,9876,22,1390000000000.0,134000000000000.0,299000000000.0
HD 40307 b,840,9157,3,659000000000.0,7180000000000.0,2350000000.0
HD 40307 c,945,9052,3,2160000000000.0,20700000000000.0,6860000000.0
HD 40307 d,937,9058,5,5860000000000.0,56600000000000.0,31200000000.0
HD 40307 f,108,9873,19,2360000000000.0,216000000000000.0,415000000000.0
HD 40307 g,120,9864,16,15500000000000.0,1270000000000000.0,2060000000000.0
HD 45364 b,346,9646,8,57200000000000.0,1590000000000000.0,1320000000000.0
HD 45364 c,587,9407,6,171000000000000.0,2740000000000000.0,1750000000000.0
HD 4732 b,807,9191,2,368000000000000.0,4200000000000000.0,913000000000.0
HD 4732 c,895,9105,0,7160000000000000.0,7.28e+16,0.0
HD 47366 b,747,9251,2,390000000000000.0,4830000000000000.0,1040000000000.0
HD 47366 c,653,9344,3,792000000000000.0,1.13e+16,3640000000000.0
HD 48948 b,109,9877,14,166000000000.0,15000000000000.0,21300000000.0
HD 48948 c,131,9853,16,1790000000000.0,134000000000000.0,218000000000.0
HD 48948 d,161,9823,16,13800000000000.0,842000000000000.0,1370000000000.0
HD 69830 b,139,9844,17,307000000000.0,21700000000000.0,37500000000.0
HD 69830 c,148,9832,20,1830000000000.0,122000000000000.0,248000000000.0
HD 69830 d,186,9800,14,26400000000000.0,1390000000000000.0,1990000000000.0
HD 73267 b,993,9004,3,1770000000000000.0,1.6e+16,5340000000000.0
HD 73267 c,986,9012,2,5.68e+16,5.2e+17,115000000000000.0
HD 73583 b,149,9831,20,195000000000.0,12800000000000.0,26100000000.0
HD 73583 c,148,9835,17,818000000000.0,54300000000000.0,93900000000.0
HD 7924 b,731,9265,4,942000000000.0,11900000000000.0,5160000000.0
HD 7924 c,882,9115,3,4060000000000.0,42000000000000.0,13800000000.0
HD 7924 d,950,9044,6,8180000000000.0,77900000000000.0,51700000000.0
HD 83443 b,454,9535,11,268000000000.0,5630000000000.0,6490000000.0
HD 83443 c,812,9186,2,1.86e+16,2.11e+17,45800000000000.0
HD 87816 b,921,9078,1,863000000000000.0,8510000000000000.0,937000000000.0
HD 87816 c,903,9093,4,3.32e+16,3.35e+17,147000000000000.0
HD 93083 b,531,9464,5,49100000000000.0,875000000000000.0,462000000000.0
HD 94890 b,763,9234,3,1170000000000000.0,1.42e+16,4600000000000.0
HD 94890 c,924,9074,2,6200000000000000.0,6.09e+16,13400000000000.0
HD 95089 b,644,9351,5,427000000000000.0,6190000000000000.0,3310000000000.0
HD 95089 c,889,9110,1,3530000000000000.0,3.62e+16,3970000000000.0
HD 99492 b,224,9768,8,1160000000000.0,50400000000000.0,41300000000.0
HD 99706 b,648,9349,3,910000000000000.0,1.31e+16,4210000000000.0
HIP 111909 b,690,9309,1,431000000000000.0,5810000000000000.0,624000000000.0
HIP 111909 c,572,9419,9,795000000000000.0,1.31e+16,12500000000000.0
HIP 54373 b,159,9825,16,226000000000.0,14000000000000.0,22700000000.0
HIP 54373 c,189,9795,16,663000000000.0,34400000000000.0,56200000000.0
HIP 57274 b,182,9811,7,319000000000.0,17200000000000.0,12300000000.0
HIP 57274 c,795,9204,1,9020000000000.0,104000000000000.0,11300000000.0
HIP 57274 d,855,9144,1,312000000000000.0,3340000000000000.0,365000000000.0
HIP 65407 b,491,9502,7,5510000000000.0,107000000000000.0,78500000000.0
HIP 65407 c,649,9349,2,23200000000000.0,334000000000000.0,71500000000.0
HIP 67851 b,676,9323,1,42700000000000.0,589000000000000.0,63200000000.0
HIP 67851 c,983,9016,1,7290000000000000.0,6.68e+16,7410000000000.0
HIP 8541 b,904,9095,1,4500000000000000.0,4.53e+16,4980000000000.0
HIP 97166 b,185,9803,12,549000000000.0,29100000000000.0,35600000000.0
HIP 97166 c,118,9867,15,650000000000.0,54300000000000.0,82600000000.0
K2-136 b,102,9879,19,183000000000.0,17700000000000.0,34000000000.0
K2-136 c,201,9793,6,1010000000000.0,49200000000000.0,30200000000.0
K2-136 d,91,9888,21,771000000000.0,83800000000000.0,178000000000.0
K2-141 b,109,9873,18,2180000000.0,197000000000.0,360000000.0
K2-141 c,136,9844,20,227000000000.0,16400000000000.0,33400000000.0
K2-155 b,102,9876,22,115000000000.0,11200000000000.0,24900000000.0
K2-155 c,136,9846,18,436000000000.0,31600000000000.0,57700000000.0
K2-155 d,106,9872,22,1420000000000.0,133000000000000.0,296000000000.0
K2-16 b,108,9876,16,172000000000.0,15700000000000.0,25500000000.0
K2-16 c,126,9860,14,681000000000.0,53300000000000.0,75700000000.0
K2-233 b,87,9891,22,33800000000.0,3840000000000.0,8540000000.0
K2-233 c,102,9878,20,161000000000.0,15600000000000.0,31600000000.0
K2-233 d,146,9837,17,1200000000000.0,81000000000000.0,140000000000.0
K2-285 b,137,9847,16,71500000000.0,5140000000000.0,8350000000.0
K2-285 c,180,9802,18,438000000000.0,23800000000000.0,43800000000.0
K2-285 d,113,9869,18,562000000000.0,49000000000000.0,89400000000.0
K2-285 e,144,9841,15,1680000000000.0,115000000000000.0,175000000000.0
K2-35 b,89,9893,18,30600000000.0,3400000000000.0,6190000000.0
K2-35 c,103,9874,23,112000000000.0,10700000000000.0,24900000000.0
K2-36 b,101,9879,20,18900000000.0,1850000000000.0,3750000000.0
K2-36 c,125,9863,12,137000000000.0,10800000000000.0,13100000000.0
K2-5 b,109,9876,15,110000000000.0,10000000000000.0,15200000000.0
K2-5 c,121,9864,15,290000000000.0,23600000000000.0,35900000000.0
K2-8 b,165,9821,14,433000000000.0,25800000000000.0,36700000000.0
K2-8 c,115,9870,15,117000000000.0,10000000000000.0,15200000000.0
KOBE-1 b,149,9831,20,262000000000.0,17300000000000.0,35200000000.0
KOBE-1 c,185,9800,15,1710000000000.0,90600000000000.0,139000000000.0
Kepler-158 b,113,9869,18,499000000000.0,43500000000000.0,79400000000.0
Kepler-158 c,106,9873,21,948000000000.0,88300000000000.0,188000000000.0
Kepler-167 b,96,9890,14,80000000000.0,8240000000000.0,11700000000.0
Kepler-167 c,95,9886,19,159000000000.0,16600000000000.0,31800000000.0
Kepler-167 d,84,9896,20,593000000000.0,69900000000000.0,141000000000.0
Kepler-167 e,777,9222,1,987000000000000.0,1.17e+16,1270000000000.0
Kepler-278 b,275,9718,7,4020000000000.0,142000000000000.0,102000000000.0
Kepler-278 c,218,9773,9,6430000000000.0,288000000000000.0,265000000000.0
Kepler-287 b,376,9618,6,2830000000000.0,72400000000000.0,45200000000.0
Kepler-287 c,337,9650,13,7300000000000.0,209000000000000.0,282000000000.0
Kepler-391 b,916,9083,1,2260000000000.0,22400000000000.0,2470000000.0
Kepler-391 c,737,9260,3,7100000000000.0,89200000000000.0,28900000000.0
Kepler-411 b,223,9766,11,112000000000.0,4920000000000.0,5540000000.0
Kepler-411 c,226,9762,12,442000000000.0,19100000000000.0,23500000000.0
Kepler-411 d,173,9813,14,4820000000000.0,274000000000000.0,390000000000.0
Kepler-411 e,142,9844,14,1760000000000.0,122000000000000.0,173000000000.0
Kepler-444 b,54,9905,41,33800000000.0,6190000000000.0,25600000000.0
Kepler-444 c,62,9907,31,52900000000.0,8450000000000.0,26400000000.0
Kepler-444 d,64,9909,27,82500000000.0,12800000000000.0,34800000000.0
Kepler-444 e,63,9906,31,109000000000.0,17200000000000.0,53800000000.0
Kepler-444 f,65,9910,25,153000000000.0,23300000000000.0,58900000000.0
Kepler-62 b,146,9837,17,160000000000.0,10800000000000.0,18600000000.0
Kepler-62 c,102,9879,19,315000000000.0,30500000000000.0,58700000000.0
Kepler-62 d,185,9803,12,954000000000.0,50500000000000.0,61900000000.0
Kepler-62 e,296,9696,8,19300000000000.0,633000000000000.0,522000000000.0
Kepler-62 f,292,9700,8,53900000000000.0,1790000000000000.0,1480000000000.0
Kepler-80 b,116,9869,15,174000000000.0,14800000000000.0,22600000000.0
Kepler-80 c,114,9867,19,256000000000.0,22200000000000.0,42700000000.0
Kepler-80 d,114,9867,19,56500000000.0,4890000000000.0,9420000000.0
Kepler-80 e,98,9884,18,84600000000.0,8530000000000.0,15500000000.0
PDS 70 b,926,9071,3,1.43e+17,1.41e+18,465000000000000.0
PDS 70 c,948,9049,3,3.99e+17,3.81e+18,1260000000000000.0
TOI-1130 b,208,9787,5,153000000000.0,7190000000000.0,3670000000.0
TOI-1130 c,799,9200,1,1530000000000.0,17600000000000.0,1910000000.0
TOI-1238 b,104,9874,22,7200000000.0,683000000000.0,1520000000.0
TOI-1238 c,150,9832,18,73500000000.0,4820000000000.0,8820000000.0
TOI-1246 b,120,9864,16,103000000000.0,8480000000000.0,13800000000.0
TOI-1246 c,126,9859,15,168000000000.0,13100000000000.0,20000000000.0
TOI-1246 d,102,9875,23,636000000000.0,61600000000000.0,144000000000.0
TOI-1246 e,165,9822,13,2660000000000.0,158000000000000.0,209000000000.0
TOI-125 b,136,9847,17,131000000000.0,9480000000000.0,16400000000.0
TOI-125 c,112,9871,17,266000000000.0,23400000000000.0,40300000000.0
TOI-125 d,165,9819,16,1110000000000.0,66000000000000.0,108000000000.0
TOI-1260 b,142,9845,13,68500000000.0,4750000000000.0,6270000000.0
TOI-1260 c,183,9799,18,283000000000.0,15100000000000.0,27800000000.0
TOI-1260 d,173,9813,14,772000000000.0,43800000000000.0,62400000000.0
TOI-1438 b,133,9852,15,146000000000.0,10800000000000.0,16400000000.0
TOI-1438 c,141,9843,16,348000000000.0,24300000000000.0,39500000000.0
TOI-178 b,77,9901,22,18700000000.0,2410000000000.0,5350000000.0
TOI-178 c,109,9876,15,53400000000.0,4840000000000.0,7350000000.0
TOI-178 d,114,9869,17,143000000000.0,12400000000000.0,21300000000.0
TOI-178 e,100,9881,19,220000000000.0,21700000000000.0,41700000000.0
TOI-178 f,118,9865,17,456000000000.0,38100000000000.0,65700000000.0
TOI-178 g,108,9873,19,629000000000.0,57500000000000.0,111000000000.0
TOI-2076 b,113,9868,19,312000000000.0,27200000000000.0,52500000000.0
TOI-2076 c,116,9868,16,822000000000.0,70000000000000.0,113000000000.0
TOI-2076 d,118,9867,15,1660000000000.0,139000000000000.0,211000000000.0
TOI-2076 e,101,9881,18,54000000000.0,5280000000000.0,9620000000.0
TOI-2093 b,152,9834,14,512000000000.0,33100000000000.0,47200000000.0
TOI-2093 c,186,9801,13,4400000000000.0,232000000000000.0,307000000000.0
TOI-2134 b,142,9841,17,309000000000.0,21400000000000.0,37000000000.0
TOI-2134 c,301,9696,3,14800000000000.0,478000000000000.0,148000000000.0
TOI-2202 b,726,9272,2,2380000000000.0,30400000000000.0,6550000000.0
TOI-2202 c,478,9516,6,4140000000000.0,82300000000000.0,51900000000.0
TOI-2322 b,89,9891,20,272000000000.0,30200000000000.0,61100000000.0
TOI-2322 c,206,9786,8,1370000000000.0,65000000000000.0,53100000000.0
TOI-2345 b,97,9885,18,10100000000.0,1030000000000.0,1870000000.0
TOI-2345 c,125,9863,12,707000000000.0,55800000000000.0,67900000000.0
TOI-238 b,92,9891,17,14800000000.0,1590000000000.0,2740000000.0
TOI-238 c,118,9867,15,237000000000.0,19800000000000.0,30100000000.0
TOI-2525 b,226,9761,13,1850000000000.0,79800000000000.0,106000000000.0
TOI-2525 c,625,9370,5,13900000000000.0,208000000000000.0,111000000000.0
TOI-286 b,101,9879,20,91500000000.0,8950000000000.0,18100000000.0
TOI-286 c,95,9887,18,1540000000000.0,161000000000000.0,292000000000.0
TOI-4010 b,142,9844,14,26700000000.0,1850000000000.0,2630000000.0
TOI-4010 c,196,9791,13,236000000000.0,11800000000000.0,15700000000.0
TOI-4010 d,269,9721,10,1230000000000.0,44400000000000.0,45700000000.0
TOI-4010 e,885,9115,0,781000000000000.0,8050000000000000.0,0.0
TOI-4311 b,101,9880,19,11900000000.0,1170000000000.0,2250000000.0
TOI-4311 c,169,9821,10,754000000000.0,43800000000000.0,44600000000.0
TOI-4504 b,118,9866,16,48600000000.0,4060000000000.0,6590000000.0
TOI-4504 c,974,9023,3,44400000000000.0,412000000000000.0,137000000000.0
TOI-4504 d,831,9168,1,14700000000000.0,162000000000000.0,17600000000.0
TOI-4600 b,941,9054,5,41000000000000.0,395000000000000.0,218000000000.0
TOI-4600 c,825,9172,3,392000000000000.0,4360000000000000.0,1430000000000.0
TOI-500 b,78,9897,25,3950000000.0,501000000000.0,1270000000.0
TOI-5789 b,82,9899,19,38200000000.0,4610000000000.0,8860000000.0
TOI-5789 c,102,9874,24,372000000000.0,36000000000000.0,87500000000.0
TOI-5789 d,99,9884,17,1090000000000.0,109000000000000.0,188000000000.0
TOI-5789 e,151,9834,15,4550000000000.0,296000000000000.0,452000000000.0
TOI-712 b,107,9872,21,241000000000.0,22200000000000.0,47300000000.0
TOI-712 c,131,9853,16,2810000000000.0,211000000000000.0,343000000000.0
TOI-712 d,120,9864,16,4980000000000.0,410000000000000.0,664000000000.0
TOI-815 b,124,9866,10,362000000000.0,28800000000000.0,29200000000.0
TOI-815 c,226,9762,12,3010000000000.0,130000000000000.0,160000000000.0
TOI-836 b,107,9873,20,68200000000.0,6300000000000.0,12800000000.0
TOI-836.01,151,9835,14,304000000000.0,19800000000000.0,28200000000.0
TOI-880 c,204,9790,6,295000000000.0,14100000000000.0,8660000000.0
TOI-880.02,103,9874,23,44900000000.0,4310000000000.0,10000000000.0
TOI-942 b,183,9799,18,155000000000.0,8310000000000.0,15300000000.0
TOI-942 c,274,9717,9,725000000000.0,25700000000000.0,23800000000.0
TOI-969 b,142,9844,14,35300000000.0,2450000000000.0,3480000000.0
TOI-969 c,329,9669,2,748000000000000.0,2.2e+16,4550000000000.0
TYC 8998-760-1 c,996,9002,2,3.65e+19,3.3e+20,7.33e+16
V1298 Tau b,141,9844,15,1430000000000.0,100000000000000.0,153000000000.0
V1298 Tau c,92,9891,17,224000000000.0,24000000000000.0,41300000000.0
V1298 Tau d,101,9879,20,423000000000.0,41300000000000.0,83700000000.0
V1298 Tau e,149,9830,21,3860000000000.0,255000000000000.0,544000000000.0
WASP-107 b,272,9719,9,295000000000.0,10500000000000.0,9750000000.0
WASP-132 b,534,9462,4,869000000000.0,15400000000000.0,6510000000.0
WASP-132 c,114,9867,19,13700000000.0,1190000000000.0,2290000000.0
WASP-132 d,759,9237,4,2000000000000000.0,2.43e+16,10500000000000.0
WASP-84 b,641,9354,5,1390000000000.0,20300000000000.0,10800000000.0
WASP-84 c,176,9810,14,35100000000.0,1950000000000.0,2790000000.0
WISPIT 1 b,106,9890,4,4.34e+18,4.05e+20,1.64e+17
WISPIT 1 c,950,9046,4,2.4e+20,2.29e+21,1.01e+18
gam Lib b,573,9419,8,357000000000000.0,5870000000000000.0,4980000000000.0
gam Lib c,926,9072,2,1780000000000000.0,1.75e+16,3850000000000.0
iot Dra b,949,9046,5,717000000000000.0,6840000000000000.0,3780000000000.0
